,IBES_NAME,total_valid_record,confidence_on_density,confidence_on_distance,choice,companyid,brokername,overall_confidence,correct
594,BMCECAP,8,1.0,1.0,2647,113996812.0,Bmce Capital Bourse,1.0,True
600,CASABLAN,11,1.0,1.0,556,40227597.0,CFG Marches,1.0,True
82,HALYKFIN,9,1.0,1.0,2692,107588132.0,JSC Halyk Finance,1.0,True
864,ORION,45,1.0,0.9777777777777777,907,39835989.0,Norne Securities AS,0.9888264649460884,True
242,NORDLB,21,1.0,0.9523809523809523,890,40676937.0,Norddeutsche Landesbank Girozentrale,0.9759000729485332,True
778,ISINVEST,17,1.0,0.9411764705882353,202,26917178.0,IS Yatirim,0.9701425001453319,True
813,POORSTAN,65,0.9846153846153847,0.953125,247,12457649.0,CFRA Equity Research,0.9687422456265332,True
997,CAHLLK,14,1.0,0.9285714285714286,1638,50273816.0,Capital Alliance Securities (Private) Ltd.,0.9636241116594315,True
170,FAB,79,0.9746835443037974,0.948051948051948,640,28439312.0,Erste Group Bank AG,0.9612755239323387,True
169,PORTZAMP,24,1.0,0.9166666666666666,938,40231066.0,Portzamparc BNP Paribas,0.9574271077563381,True
741,ACCOUNT,12,1.0,0.9166666666666666,1121,8662212.0,Accountability Research Corporation,0.9574271077563381,True
799,BUALUANG,23,1.0,0.9130434782608695,1636,50207802.0,Bualuang Securities PCL,0.9555330859059091,True
713,PTHENAN,11,1.0,0.9090909090909091,3613,711282099.0,PT Henan Putihrai,0.9534625892455924,True
232,ALRAJHI,11,1.0,0.9090909090909091,2541,98347238.0,Al Rajhi Capital,0.9534625892455924,True
392,BTIG,54,1.0,0.9074074074074074,2527,99202127.0,BTIG,0.9525793444156804,True
709,SBGSEC,42,1.0,0.9047619047619048,589,40373432.0,SBG Securities (Proprietary) Limited,0.9511897312113419,True
435,EFGHERME,61,0.9672131147540983,0.9322033898305084,626,28438993.0,EFG-Hermes Research,0.9495469152507922,True
302,MILLUM,10,1.0,0.9,2571,40224485.0,Millennium Dom Maklerski Spolka Akcyjna,0.9486832980505138,True
574,MARUSAN,49,0.9387755102040817,0.9565217391304348,397,40126874.0,Marusan Securities Co. Ltd.,0.9476070829586857,True
90,BLAIR,123,0.959349593495935,0.9322033898305084,51,25218377.0,William Blair & Company L.L.C.,0.945679090965551,True
936,STANFIN,47,1.0,0.8936170212765957,123,25217650.0,Stanford Group Company,0.9453131868733218,True
881,BEREN,394,0.9593908629441624,0.9312169312169312,517,26538772.0,Berenberg,0.9451989289183661,True
637,CJSSECUR,28,0.9642857142857143,0.9259259259259259,299,6140878.0,"CJS Securities, Inc.",0.944911182523068,True
15,PARETO,130,0.9692307692307692,0.9206349206349206,284,33444249.0,Pareto Securities,0.9446203958774616,True
222,CANACCOR,339,0.9734513274336283,0.9151515151515152,170,26538973.0,Canaccord Genuity,0.9438513957330035,True
835,FICAPEQ,9,1.0,0.8888888888888888,3243,328957231.0,First Capital Holdings PLC,0.9428090415820634,True
496,DRGNCAP,9,1.0,0.8888888888888888,614,28438946.0,Dragon Capital,0.9428090415820634,True
17,FFBH,9,1.0,0.8888888888888888,2453,61315394.0,First Financial Brokerage House,0.9428090415820634,True
498,LINWAR,18,1.0,0.8888888888888888,818,39836647.0,ANZ Equities Pty Limited,0.9428090415820634,True
264,JOLSON,107,0.9813084112149533,0.9047619047619048,92,25231296.0,JMP Securities,0.9422581744350746,True
877,MERRILL,468,0.9786324786324786,0.9061135371179039,10,20921390.0,BofA Global Research,0.9416751758181463,True
551,NUMIS,105,1.0,0.8857142857142857,895,26522948.0,Numis Securities Ltd.,0.9411239481143202,True
288,WRHCO,52,0.9807692307692307,0.9019607843137255,128,22957042.0,WR Hambrecht + Co.,0.9405399431259603,True
539,ARGUS,60,0.9666666666666667,0.9137931034482759,467,39860980.0,Argus Research Company,0.939858145324779,True
33,MRNGSTAR,126,0.9444444444444444,0.9327731092436975,2494,107000752.0,Morningstar Inc.,0.9385906354489059,True
227,PEELHUNT,100,0.98,0.8979591836734694,259,27694573.0,Peel Hunt LLP,0.938083151964686,True
812,STEPHENS,132,0.9393939393939394,0.9354838709677419,44,25231965.0,"Stephens, Inc.",0.937436866561092,True
650,DAVIDSON,81,0.9629629629629629,0.9102564102564102,180,25219622.0,D.A. Davidson & Co.,0.936238863686262,True
54,MERRION,16,1.0,0.875,191,27693647.0,Merrion Stockbrokers Ltd.,0.9354143466934853,True
285,GOODBODY,48,0.9583333333333334,0.9130434782608695,146,27694491.0,Goodbody Stockbrokers,0.9354143466934853,True
586,INDALSEC,32,1.0,0.875,2500,40310838.0,iA Capital Markets,0.9354143466934853,True
561,FIRSTINV,55,0.9818181818181818,0.8888888888888888,135,26506254.0,Stonecap Securities Inc.,0.9341987329938276,True
918,CARISCO,47,0.9787234042553191,0.8913043478260869,290,22088300.0,Caris & Company,0.9339916624531049,True
250,RBCDOMIN,462,0.9588744588744589,0.909706546275395,115,25231868.0,RBC Capital Markets,0.9339670081402085,True
308,SUSQUEH,93,0.978494623655914,0.8901098901098901,195,26539268.0,"Susquehanna Financial Group, LLLP",0.9332565252573827,True
774,NIKOIL,23,1.0,0.8695652173913043,1073,40312305.0,URALSIB Capital LLC,0.9325048082403138,True
675,BERN,206,0.9563106796116505,0.9086294416243654,158,27012996.0,"Sanford C. Bernstein & Co., LLC",0.9321652422371001,True
677,INHENCRO,189,0.9735449735449735,0.8913043478260869,389,40133067.0,Investec Bank plc (UK),0.9315175080076958,True
820,CAIXABAN,15,1.0,0.8666666666666667,538,29228341.0,Caixa-Banco de Investimento SA (ESN),0.9309493362512627,True
858,TROIKA,45,0.9333333333333333,0.9285714285714286,1114,40260744.0,Sberbank CIB Investment Research,0.9309493362512627,True
402,VELES,15,0.9333333333333333,0.9285714285714286,1344,40173724.0,"Veles Capital Investment Company, LLC",0.9309493362512627,True
587,PARTNERS,15,0.9333333333333333,0.9285714285714286,3282,407047412.0,Research Partners AG,0.9309493362512627,True
680,INTMONTE,37,0.972972972972973,0.8888888888888888,751,30346648.0,Intermonte SIM S.p.A.,0.9299811099505543,True
171,ROBINSON,169,0.9644970414201184,0.8957055214723927,261,27145242.0,Truist Securities,0.9294650748918901,True
886,EXANE,366,0.9316939890710383,0.9266862170087976,230,26257295.0,BNP Paribas Exane,0.9291867294263713,True
231,SCOTT,80,0.975,0.8846153846153846,175,25218547.0,BB&T Capital Markets,0.9287087810503354,True
906,ALTACORP,29,1.0,0.8620689655172413,2771,126903479.0,ATB Capital Markets,0.9284766908852593,True
870,INDERES,36,0.9444444444444444,0.9117647058823529,2476,98728008.0,Inderes Oy,0.927960727138337,True
962,LAURENTI,43,0.9767441860465116,0.8809523809523809,198,32584008.0,"Laurentian Bank Securities, Inc.",0.9276125895432153,True
363,THEBENCH,50,1.0,0.86,1046,39862205.0,Benchmark Company,0.9273618495495703,True
252,GHUNTER,85,0.9647058823529412,0.8902439024390244,376,40176960.0,Seaport Research Partners,0.9267273220380225,True
951,PACINTL,35,0.9714285714285714,0.8823529411764706,928,39859498.0,Ventum Financial Corp,0.9258200997725515,True
393,AVONDALE,56,0.9464285714285714,0.9056603773584906,58,25218056.0,Avondale Partners,0.9258200997725515,True
389,NBKUWAIT,14,1.0,0.8571428571428571,271,32896402.0,NBK Capital,0.9258200997725514,True
481,ALJAZ,7,1.0,0.8571428571428571,2701,115562849.0,Aljazira Capital Company,0.9258200997725514,True
788,AUSTOCK,28,1.0,0.8571428571428571,286,28438508.0,PhillipCapital,0.9258200997725514,True
595,CANTORFZ,84,0.9523809523809523,0.9,133,26630558.0,Cantor Fitzgerald & Co.,0.9258200997725514,True
967,GENOSSEN,69,0.9420289855072463,0.9076923076923077,964,39860963.0,Raiffeisen Bank International AG - Institutional Equity,0.924701283533291,True
87,ICHIYOSH,41,0.975609756097561,0.875,735,12785414.0,Ichiyoshi Research Institute Inc.,0.9239364353597956,True
215,AYUDHYA,34,1.0,0.8529411764705882,485,39829384.0,Krungsri Securities Public Company Limited,0.9235481451827989,True
292,HAYWOOD,47,0.9787234042553191,0.8695652173913043,28,25217890.0,Haywood Securities Inc.,0.9225312080288851,True
310,JMDUTTON,40,0.975,0.8717948717948718,768,11686443.0,"Dutton Associates, LLC",0.9219544457292888,True
699,DSTEWART,20,1.0,0.85,430,39857511.0,Daniel Stewart & Company,0.9219544457292888,True
142,BREAN,86,0.9302325581395349,0.9125,143,25218561.0,Brean Capital,0.9213236181181538,True
856,STIFEL,290,0.9655172413793104,0.8785714285714286,124,9532654.0,Stifel,0.9210189260101909,True
364,GRIFFMCB,112,0.9464285714285714,0.8962264150943396,197,31130825.0,Stifel Canada,0.9209854970162591,True
536,JOHNRICE,26,0.9230769230769231,0.9166666666666666,773,26381329.0,"Johnson Rice & Company, L.L.C.",0.9198662110077999,True
294,BAYLAND,26,0.9230769230769231,0.9166666666666666,512,39862214.0,Bayerische Landesbank,0.9198662110077999,True
722,SELECTEQ,13,1.0,0.8461538461538461,1302,40335406.0,Select Equities Pty Ltd,0.9198662110077999,True
888,CONSUMER,13,1.0,0.8461538461538461,2585,99618560.0,"Consumer Edge Research, LLC",0.9198662110077999,True
915,UNTERBUR,90,0.9666666666666667,0.8735632183908046,144,25228419.0,Collins Stewart LLC,0.9189365834726815,True
409,VERISEAR,32,0.9375,0.9,2488,9994186.0,Veritas Investment Research Corp,0.9185586535436918,True
332,SIDOTI,217,0.9078341013824884,0.9289340101522843,121,7923367.0,"Sidoti & Company, LLC",0.918323457366864,True
22,ALPHAMEN,19,1.0,0.8421052631578947,2827,158216626.0,AlphaMena,0.9176629354822471,True
784,GABELLCO,57,0.8947368421052632,0.9411764705882353,1203,3544884.0,"G. Research, LLC",0.9176629354822471,True
214,CORDIAL,88,0.9772727272727273,0.8604651162790697,2680,115280009.0,SMBC NIKKO,0.917010954628728,True
732,PIPER,295,0.9220338983050848,0.9117647058823529,112,10559667.0,Piper Sandler Companies,0.9168849252232774,True
413,FIRSOUTH,50,0.96,0.875,833,28954110.0,Macquarie Research,0.916515138991168,True
201,EUROMOB,25,0.92,0.9130434782608695,644,30346727.0,Equita SIM S.p.A.,0.916515138991168,True
314,BRILEY,50,0.94,0.8936170212765957,140,28814749.0,"B. Riley Securities, Inc.",0.916515138991168,True
923,MAXIM,56,0.9285714285714286,0.9038461538461539,147,9790540.0,Maxim Group,0.9161253813129043,True
890,JEDAVY,37,0.9459459459459459,0.8857142857142857,189,27694546.0,Davy,0.9153348228041135,True
414,KAUPBANK,74,0.9594594594594594,0.8732394366197183,784,28440592.0,Singer Capital Markets,0.9153348228041135,True
457,ARDENLTD,43,0.9767441860465116,0.8571428571428571,139,26749989.0,Arden Partners Plc.,0.914991421995628,True
597,LADENBUR,49,0.9387755102040817,0.8913043478260869,38,24255118.0,Ladenburg Thalmann & Company,0.9147320339189784,True
85,DMGEE,61,0.9344262295081968,0.8947368421052632,5,25232408.0,Deutsche Bank,0.9143662142547109,True
639,BVBANK,134,0.9402985074626866,0.8888888888888888,511,27145387.0,UniCredit Research,0.9142324078276749,True
440,LAWRENCE,465,0.9505376344086022,0.8778280542986425,5,25232408.0,Deutsche Bank,0.9134596883007687,True
557,ZACHODNI,24,0.9583333333333334,0.8695652173913043,535,39861063.0,Santander Brokerage Poland,0.9128709291752769,True
775,OPSTOCK,18,0.9444444444444444,0.8823529411764706,901,39858920.0,OP Corporate Bank (ESN),0.9128709291752769,True
913,HELABA,12,0.9166666666666666,0.9090909090909091,720,39858163.0,Helaba Trust,0.9128709291752769,True
199,SICO,18,0.9444444444444444,0.8823529411764706,1301,40330912.0,SICO,0.9128709291752769,True
607,HILLIARD,18,0.9444444444444444,0.8823529411764706,762,26630928.0,Hilliard Lyons,0.9128709291752769,True
942,JYSKE,24,0.9583333333333334,0.8695652173913043,780,39836758.0,Jyske Bank A/S,0.9128709291752769,True
52,ANGELB,48,0.9791666666666666,0.851063829787234,463,32892864.0,Angel Broking Private Limited,0.9128709291752769,True
505,JANCO,18,1.0,0.8333333333333334,205,26379015.0,"Janco Partners, Inc.",0.9128709291752769,True
238,PACMAN,36,0.9722222222222222,0.8571428571428571,1065,39928300.0,BTG Pactual,0.9128709291752768,True
145,BANCOINV,30,0.9,0.9259259259259259,495,40227581.0,BB Banco de Investimento S.A.,0.9128709291752768,True
670,FONDSFIN,30,0.9666666666666667,0.8620689655172413,289,33444273.0,Beringer Finance AB,0.9128709291752768,True
710,HALLUM,106,0.9245283018867925,0.8979591836734694,46,10168652.0,ThinkEquity LLC,0.9111469032188405,True
148,SALMAN,47,0.9361702127659575,0.8863636363636364,305,37179784.0,Salman Partners Inc.,0.9109265799407509,True
900,WHEAT,317,0.9211356466876972,0.9006849315068494,1088,9589274.0,"Wells Fargo Securities, LLC",0.9108528952830013,True
27,MIDEST,70,0.9714285714285714,0.8529411764705882,25,25231533.0,FTN Midwest Securities Corp.,0.9102589898327995,True
257,BOBCAP,35,1.0,0.8285714285714286,3212,111813593.0,BOB Capital Markets Ltd.,0.9102589898327995,True
589,LOOPCAMA,35,0.9714285714285714,0.8529411764705882,98,25231492.0,Loop Capital Markets,0.9102589898327995,True
802,GOLDMAN,466,0.9463519313304721,0.8752834467120182,7,25232416.0,Goldman Sachs,0.9101242663820753,True
263,MIZUHOFJ,128,0.953125,0.8688524590163934,2351,40313274.0,"Mizuho Securities Co., Ltd.",0.9100137361600648,True
205,PANME,116,0.9482758620689655,0.8727272727272727,165,26257529.0,Panmure Liberum Historic (Panmure Liberum).,0.909717652294684,True
450,FEARNLEY,29,0.9655172413793104,0.8571428571428571,288,33444303.0,Fearnley Securities,0.909717652294684,True
48,NORTHLAN,58,0.9655172413793104,0.8571428571428571,893,37179964.0,Northland Capital Markets,0.909717652294684,True
221,EDJONES,23,0.8695652173913043,0.95,623,39861477.0,"Edward D. Jones & Co., L.P.",0.9088932591463857,True
763,PKOBP,23,1.0,0.8260869565217391,2061,52671205.0,PKO BP Securities,0.9088932591463857,True
10,ERSTEBER,23,0.9565217391304348,0.8636363636363636,659,12754926.0,First Berlin Equity Research GmbH,0.9088932591463857,True
974,JEFFEREG,470,0.9468085106382979,0.8719101123595505,90,22401937.0,Jefferies LLC,0.908587868559567,True
859,DNC,103,0.9029126213592233,0.9139784946236559,314,33444204.0,DNB Markets,0.908428708510801,True
947,ADVEST,40,0.925,0.8918918918918919,53,39929089.0,"Advest, Inc.",0.9082951062292475,True
476,BELTONE,40,0.95,0.868421052631579,516,39862191.0,Beltone Financial,0.9082951062292475,True
629,MERRINTL,468,0.9465811965811965,0.871331828442438,10,20921390.0,BofA Global Research,0.9081774742781968,True
42,DGBANK,57,0.9298245614035088,0.8867924528301887,145,26522896.0,Dz Bank Ag,0.9080536347093006,True
194,MKEEGAN,68,0.9264705882352942,0.8888888888888888,105,25231696.0,Morgan Keegan & Company,0.9074852129730302,True
876,SANDS,17,0.9411764705882353,0.875,985,39927000.0,Sands Brothers & Co. Ltd.,0.9074852129730301,True
555,ALFABANK,34,0.9117647058823529,0.9032258064516129,456,32894582.0,Alfa Bank,0.9074852129730301,True
410,FIRSANAL,34,0.9117647058823529,0.9032258064516129,658,26506194.0,First Analysis Securities Corporation,0.9074852129730301,True
116,KOTAK,79,0.9367088607594937,0.8783783783783784,803,39857855.0,Kotak Securities (Institutional Equities),0.9070748646757787,True
345,IIFLIND,45,1.0,0.8222222222222222,2362,60840251.0,IIFL Research,0.9067647005823629,True
29,OTKRITIE,28,1.0,0.8214285714285714,2212,52985439.0,Sova Capital Limited,0.9063269671749657,True
934,CRUTTEN,140,0.8857142857142857,0.9274193548387096,40,7973024.0,Roth MKM,0.9063269671749657,True
136,KEEFE,151,0.9139072847682119,0.8985507246376812,94,25231371.0,"Keefe, Bruyette, & Woods",0.906196475925686,True
795,FBOSTON,469,0.929637526652452,0.8807339449541285,4,25232407.0,Credit Suisse,0.9048554173048934,True
959,AMERTECH,44,0.9772727272727273,0.8372093023255814,54,7505182.0,"Gleacher & Company, Inc.",0.9045340337332909,True
463,BHFBANK,33,0.9696969696969697,0.84375,518,26522930.0,BHF-Bank Aktiengesellschaft,0.9045340337332909,True
233,GDUPONT,33,0.9090909090909091,0.9,685,26522723.0,Gilbert Dupont,0.9045340337332909,True
880,VTBCAP,33,0.9696969696969697,0.84375,2483,78940982.0,VTB Capital,0.9045340337332909,True
197,IDIRECT,33,1.0,0.8181818181818182,1110,43507143.0,ICICIdirect.com,0.9045340337332909,True
126,CONCORDE,11,0.9090909090909091,0.9,583,28438714.0,ConCorde Securities Ltd.,0.9045340337332909,True
819,ELIXIPAK,27,0.9259259259259259,0.88,245,34513176.0,Elixir Securities Pakistan (Pvt) Ltd.,0.9026709338484401,True
721,BARRING,27,0.8888888888888888,0.9166666666666666,141,25228326.0,"Barrington Research Associates, Inc.",0.90267093384844,True
357,ALPHAV,81,0.9012345679012346,0.9041095890410958,2790,43325655.0,AlphaValue,0.90267093384844,True
534,KBCSEC,27,1.0,0.8148148148148148,787,26631494.0,KBC Securities NV,0.90267093384844,True
999,CAPSTONE,27,1.0,0.8148148148148148,226,34332820.0,Capstone Investments,0.90267093384844,True
135,LEERINK,80,0.95,0.8552631578947368,96,25228754.0,Leerink Partners LLC,0.9013878188659973,True
529,ATONLINE,16,1.0,0.8125,479,26003831.0,Aton LLC,0.9013878188659973,True
375,KAUFBRO,53,0.9245283018867925,0.8775510204081632,29,12686990.0,"Kaufman Bros., L.P.",0.9007334537569819,True
7,NOBE,37,0.972972972972973,0.8333333333333334,888,39859659.0,"NOBLE Capital Markets, Inc.",0.9004503377814964,True
635,ARNHOLDB,37,0.9459459459459459,0.8571428571428571,34,25231668.0,Natixis Bleichroeder Inc.,0.9004503377814963,True
687,MCLEOD,169,0.9053254437869822,0.8954248366013072,120,25218044.0,Scotiabank Global Banking and Market,0.9003615315938174,True
206,NIVESH,21,1.0,0.8095238095238095,1696,50197617.0,IndiaNivesh Securities Limited,0.8997354108424374,True
162,TIW,21,0.9523809523809523,0.85,1324,40787552.0,TIW,0.8997354108424374,True
688,IBI,21,0.9047619047619048,0.8947368421052632,217,32893213.0,Israel Brokerage & Investments I.B.I. Ltd.,0.8997354108424374,True
851,ARQAAM,21,1.0,0.8095238095238095,2809,154192792.0,Arqaam Capital Research Offshore S.A.L.,0.8997354108424374,True
738,LONGBOW,42,1.0,0.8095238095238095,269,12344197.0,Longbow Research LLC,0.8997354108424374,True
277,CONAEURO,131,0.9694656488549618,0.8346456692913385,170,26538973.0,Canaccord Genuity,0.8995333820061995,True
91,MORGAN,470,0.9382978723404255,0.8616780045351474,11,25232855.0,Morgan Stanley,0.8991721961325719,True
104,MMWAR,52,0.9615384615384616,0.84,867,26538811.0,Warburg Research GmbH,0.8987170342729172,True
377,CRAIG,52,0.9615384615384616,0.84,181,26630571.0,Craig-Hallum Capital Group LLC,0.8987170342729172,True
179,DAKIN,26,1.0,0.8076923076923077,32,25217929.0,Moors & Cabot,0.8987170342729172,True
748,RMG,26,0.8846153846153846,0.9130434782608695,320,38887539.0,"Rye, Man and Gor Securities",0.898717034272917,True
259,TOKYO,57,0.9473684210526315,0.8518518518518519,1051,39763737.0,"Tokai Tokyo Intelligence Laboratory Co., Ltd.",0.898341551894183,True
569,ODDO,207,0.9178743961352657,0.8789473684210526,899,26257841.0,ODDO BHF Corporate & Markets,0.898200025063546,True
623,DAIWA,149,0.9060402684563759,0.8888888888888888,594,39857797.0,Daiwa Securities Co. Ltd.,0.8974236053931156,True
898,WNDRLICH,46,1.0,0.8043478260869565,1370,44235829.0,Wunderlich Securities Inc.,0.8968544062928813,True
341,BRYAN,46,0.9347826086956522,0.8604651162790697,1893,40180292.0,Bryan Garnier & Co,0.8968544062928813,True
745,REDBURN,86,0.9534883720930233,0.8414634146341463,1116,38837143.0,Redburn Atlantic,0.8957262870963143,True
605,LIBECAP,101,0.9900990099009901,0.81,2422,53146586.0,Panmure Liberum,0.8955334711889903,True
57,TRIMEGFL,25,0.92,0.8695652173913043,955,39834709.0,PT Trimegah Securities Tbk,0.894427190999916,True
312,VANKASPR,65,0.9230769230769231,0.8666666666666667,1088,9589274.0,"Wells Fargo Securities, LLC",0.894427190999916,True
879,OLMSTEAD,130,0.9,0.8888888888888888,129,26256844.0,Wedbush Securities Inc.,0.8944271909999159,True
255,CLARUS,40,0.975,0.8205128205128205,187,26750016.0,Clarus Securities Inc.,0.8944271909999159,True
578,MFGLOBAL,40,0.95,0.8421052631578947,1667,50014438.0,MF Global UK Limited,0.8944271909999159,True
74,ATLANTIK,5,1.0,0.8,477,28442283.0,J & T Banka,0.8944271909999159,True
485,AVENDUS,15,1.0,0.8,2280,54033825.0,IL&FS Broking Services Private Limited,0.8944271909999159,True
350,SINGRES,35,0.8571428571428571,0.9333333333333333,1447,37341138.0,Singular Research,0.8944271909999159,True
599,IMARASPR,5,1.0,0.8,1360,28440054.0,Momentum Securities (Pty) Ltd,0.8944271909999159,True
240,COIN,10,0.9,0.8888888888888888,578,40128322.0,Coinvalores Ccvm Ltda.,0.8944271909999159,True
470,STRUDWIC,10,0.9,0.8888888888888888,56,25217993.0,Anderson & Strudwick,0.8944271909999159,True
837,EUROBA,15,1.0,0.8,624,28457407.0,Eurobank Equities Investment Firm S.A.,0.8944271909999159,True
985,RENCAP,100,0.89,0.898876404494382,2273,27244849.0,Renaissance Capital,0.8944271909999159,True
468,SMBCFRD,10,0.9,0.8888888888888888,1017,39857905.0,SMBC Friend Research Centre,0.8944271909999159,True
884,TAGLICH,10,0.9,0.8888888888888888,152,25218308.0,"Taglich Brothers, Inc.",0.8944271909999159,True
184,GARANTIA,49,0.8775510204081632,0.9069767441860465,4,25232407.0,Credit Suisse,0.8921425711997711,True
596,JANNEY,112,0.8839285714285714,0.898989898989899,89,25231241.0,Janney Montgomery Scott LLC,0.8914274267391917,True
612,ALTIUM,34,0.9411764705882353,0.84375,134,26379283.0,Altium Capital Limited,0.8911327886790069,True
828,PIPL,29,0.9655172413793104,0.8214285714285714,932,40175706.0,Pioneer Investcorp Limited,0.8905635565617213,True
486,SPROTTSE,82,0.8902439024390244,0.8904109589041096,43,25218267.0,Cormark Securities Inc.,0.890327426753365,True
68,AMBITCAP,53,1.0,0.7924528301886793,2344,60865300.0,Ambit Capital,0.8901981971385244,True
307,LEVESQUE,149,0.912751677852349,0.8676470588235294,221,29834361.0,National Bank Financial,0.8899136523982719,True
777,BREBANK,24,0.9583333333333334,0.8260869565217391,528,40174395.0,Biuro maklerskie mBanku,0.8897565210026093,True
394,EDWARDS,129,0.9224806201550387,0.8571428571428571,450,23712015.0,AG Edwards Inc.,0.8892118276421004,True
11,NATLSEC,19,1.0,0.7894736842105263,873,39929162.0,B. Riley Wealth,0.8885233166386386,True
616,ARETE,38,0.9210526315789473,0.8571428571428571,2311,41864325.0,Arete Research Services LLP,0.8885233166386385,True
570,EMKAY,90,0.9333333333333333,0.8452380952380952,630,32876085.0,Emkay Global Financial Services Ltd.,0.8881941729649485,True
648,MCDONALD,165,0.9515151515151515,0.8280254777070064,31,10966122.0,KeyBanc Capital Markets Inc.,0.8876253645985946,True
993,UBM,28,0.9642857142857143,0.8148148148148148,511,27145387.0,UniCredit Research,0.8864052604279183,True
143,GENGHIS,14,0.9285714285714286,0.8461538461538461,2608,100238674.0,Genghis Capital Ltd,0.8864052604279183,True
304,DOLATCAP,42,0.9523809523809523,0.825,1187,40175581.0,Dolat Capital Market Pvt. Ltd.,0.8864052604279183,True
178,NORTHRES,28,1.0,0.7857142857142857,2338,60301564.0,Northcoast Research,0.8864052604279183,True
513,JAYPEE,14,0.9285714285714286,0.8461538461538461,2717,107248441.0,Jaypee International,0.8864052604279183,True
358,CLKA,42,0.8809523809523809,0.8918918918918919,67,209332594.0,"CL King & Associates, Inc.",0.8864052604279182,True
601,WOODCZ,65,0.8923076923076924,0.8793103448275862,155,27245003.0,Wood & Company,0.8857851797221403,True
368,BPI,23,0.8695652173913043,0.9,493,39862044.0,"Banco BPI, S.A.",0.8846517369293828,True
161,JAHANGIR,23,0.9130434782608695,0.8571428571428571,778,39837413.0,JS Global Capital Limited,0.8846517369293827,True
133,KEARNS,41,0.9024390243902439,0.8648648648648649,149,25227903.0,"Paradigm Capital, Inc.",0.8834522085987724,True
396,CENTRUM,59,0.9661016949152542,0.8070175438596491,1643,50197773.0,Centrum Broking Limited,0.8829841544156681,True
109,ITAU,68,0.8823529411764706,0.8833333333333333,758,39925887.0,Itau BBA,0.8828430011649196,True
471,ANALYST,18,0.8888888888888888,0.875,3103,259920978.0,The Analyst Research LLP,0.8819171036881969,True
791,BNIFL,9,0.8888888888888888,0.875,956,39834965.0,PT BNI Securities,0.8819171036881969,True
103,FOUNDA,18,1.0,0.7777777777777778,1108,43506004.0,Foundation Securities Private Limited,0.8819171036881969,True
164,FDMINNET,36,0.9722222222222222,0.8,2341,54628573.0,Ord Minnett Limited,0.8819171036881969,True
914,BAUM,18,0.8888888888888888,0.875,680,39837000.0,George K. Baum & Company,0.8819171036881969,True
455,CHARDAN,18,1.0,0.7777777777777778,2433,83423112.0,"Chardan Capital Markets, LLC",0.8819171036881969,True
112,OKASAN,58,0.8793103448275862,0.8823529411764706,900,39860400.0,Okasan Securities Co. Ltd.,0.8808303292720552,True
686,ANANDFI,89,0.9101123595505618,0.8518518518518519,244,32892380.0,Anand Rathi Shares and Stock Brokers Limited,0.88050036847034,True
23,NEEDHAM,124,0.8709677419354839,0.8888888888888888,35,25217959.0,Needham & Company,0.8798826901281198,True
16,BRADFORD,31,0.9354838709677419,0.8275862068965517,1229,43604983.0,J.C. Bradford & Co.,0.8798826901281197,True
77,GARTNER,84,0.8928571428571429,0.8666666666666667,1299,43608186.0,Schwab Soundview Capital Markets,0.879664438186246,True
300,BAKER,44,0.8636363636363636,0.8947368421052632,174,25230772.0,"Ferris, Baker Watts",0.8790490729915327,True
213,BLAYLOCK,22,0.9545454545454546,0.8095238095238095,1155,40177990.0,Blaylock & Company Inc.,0.8790490729915326,True
573,HCBEGYPT,22,0.9545454545454546,0.8095238095238095,208,32948579.0,HC Brokerage,0.8790490729915326,True
383,RTXSECS,44,0.9545454545454546,0.8095238095238095,103,25231739.0,"Merriman Capital, Inc",0.8790490729915326,True
739,EDELWEIS,79,0.9367088607594937,0.8243243243243243,234,33422847.0,Nuvama Wealth Management Limited,0.8787217413573976,True
454,MLGA,35,0.9428571428571428,0.8181818181818182,33,10845811.0,Morgan Joseph TriArtisan LLC,0.8783100656536799,True
838,GOEPEL,96,0.9375,0.8222222222222222,308,38324280.0,Raymond James Ltd.,0.8779711460710616,True
451,MIZUSEC,74,0.972972972972973,0.7916666666666666,2557,108000140.0,Mizuho Securities USA LLC,0.8776504260070009,True
424,REMIUM,13,0.9230769230769231,0.8333333333333334,232,33444281.0,ABG Sundal Collier Sponsored,0.8770580193070293,True
289,SHOREUK,52,0.9423076923076923,0.8163265306122449,2068,52846230.0,Shore Capital Group Ltd,0.8770580193070293,True
61,INDSEC,26,0.9615384615384616,0.8,1222,44233699.0,Indsec Securities & Finance Ltd.,0.8770580193070292,True
78,RBRTSON,143,0.8601398601398601,0.8943089430894309,978,39950265.0,"Robertson Stephens, Inc.",0.8770580193070292,True
477,TELSEY,13,1.0,0.7692307692307693,2889,28388281.0,Telsey Advisory Group LLC,0.8770580193070292,True
728,REDEYE,13,1.0,0.7692307692307693,970,12056320.0,Redeye,0.8770580193070292,True
717,CATHAY,13,1.0,0.7692307692307693,177,25219217.0,Cathay Financial,0.8770580193070292,True
328,LAZARD,73,0.8904109589041096,0.8615384615384616,812,26254318.0,Lazard Capital Markets,0.8758557459257963,True
761,RABOBANK,30,0.8333333333333334,0.92,218,26750847.0,Rabobank Equity Research,0.8755950357709132,True
803,WMJM,51,0.8431372549019608,0.9069767441860465,118,22648922.0,Madison Williams and Company LLC,0.8744746321952063,True
404,WILLIAMC,17,0.8823529411764706,0.8666666666666667,52,25228253.0,"Siebert Williams Shank & Co., LLC",0.8744746321952063,True
583,COOPER,17,0.9411764705882353,0.8125,173,25218849.0,"C. K. Cooper & Company, Inc.",0.8744746321952062,True
509,TMS,114,0.9385964912280702,0.8130841121495327,399,27826730.0,Mitsubishi UFJ Morgan Stanley Securities Company Limited,0.873589088036728,True
714,MONTSEC,261,0.9042145593869731,0.8432203389830508,2,25232400.0,Banc of America Securities,0.8731850361061472,True
40,ELEVEN,21,0.9047619047619048,0.8421052631578947,3293,408407123.0,Eleven Financial Research,0.8728715609439696,True
541,NAEEM,21,0.9047619047619048,0.8421052631578947,2289,54077959.0,Naeem Holding,0.8728715609439696,True
113,FRASERMC,21,1.0,0.7619047619047619,23,25217700.0,Fraser Mackenzie Limited,0.8728715609439694,True
807,JESUPLAM,25,0.88,0.8636363636363636,91,25228709.0,Jesup & Lamont Securities Corporation,0.8717797887081348,True
493,BUCK,75,0.92,0.8260869565217391,64,3457057.0,Buckingham Research Group Inc.,0.8717797887081348,True
173,BARREN,25,1.0,0.76,3636,706430982.0,Barrenjoey Markets Pty Limited,0.8717797887081347,True
92,HARRISNC,25,0.96,0.7916666666666666,322,39404300.0,Wellington West Capital Markets Inc.,0.8717797887081347,True
674,ENAM,83,0.9036144578313253,0.84,631,38887246.0,Axis Capital Limited,0.8712268043272735,True
376,OCTAGON,29,0.8620689655172413,0.88,36,25217999.0,Octagon Capital Corporation,0.8709883407113854,True
469,KAKUMARU,29,1.0,0.7586206896551724,865,39855675.0,Mizuho Investors Securities Co. Ltd.,0.8709883407113854,True
841,JENNCAP,29,1.0,0.7586206896551724,220,28628115.0,Jennings Capital Inc.,0.8709883407113854,True
615,GUGGEL,91,0.9340659340659341,0.8117647058823529,2538,100488882.0,"Guggenheim Securities, LLC",0.8707707839849465,True
448,DKB,66,0.8636363636363636,0.8771929824561403,6,25232411.0,Dresdner Kleinwort,0.8703882797784892,True
846,ARBUTHNO,41,0.9512195121951219,0.7948717948717948,466,26522879.0,Arbuthnot Securities Limited,0.8695387058524823,True
523,WOODGUND,179,0.8324022346368715,0.9060402684563759,567,36593470.0,CIBC Capital Markets,0.868441099979773,True
821,DEACON,122,0.8688524590163934,0.8679245283018868,241,34030104.0,Eight Capital,0.8683883697146904,True
979,WOLFE,69,0.9420289855072463,0.8,2057,52490906.0,"Wolfe Research, LLC.",0.8681147322824311,True
84,DBSFJ,68,0.9264705882352942,0.8095238095238095,5,25232408.0,Deutsche Bank,0.8660254037844387,True
845,TDSI,136,0.9411764705882353,0.796875,1325,40273256.0,TD Securities,0.8660254037844387,True
771,FORSYTH,20,0.9,0.8333333333333334,249,34975833.0,Forsyth Barr Group Ltd.,0.8660254037844387,True
270,HOAK,12,0.9166666666666666,0.8181818181818182,723,39927468.0,"Hoak, Breedlove, Wesneski & Co.",0.8660254037844387,True
667,LBBW,44,0.8181818181818182,0.9166666666666666,392,38835515.0,Landesbank Baden-Wuerttemberg Equity and Fixed Income Research,0.8660254037844387,True
280,SEAMICO,28,0.9642857142857143,0.7777777777777778,994,28441407.0,KT Zmico Research,0.8660254037844387,True
865,NCBCAP,8,1.0,0.75,2508,79350569.0,SNB Capital,0.8660254037844386,True
579,IIIR,64,0.921875,0.8135593220338984,252,20385895.0,Independent International Investment Research,0.8660254037844386,True
9,SHAJAR,8,1.0,0.75,2813,153933902.0,Shajar Capital Pakistan (Private) Limited,0.8660254037844386,True
220,CORPBANC,8,0.875,0.8571428571428571,1181,40379254.0,Corp Research SA,0.8660254037844386,True
317,CFRANOWM,51,0.8627450980392157,0.8636363636363636,247,12457649.0,CFRA Equity Research,0.8631906158060839,True
816,EVERCO,121,0.9586776859504132,0.7758620689655172,2554,100489358.0,Evercore ISI,0.8624393618641034,True
776,CIC,78,0.8205128205128205,0.90625,574,26522672.0,CIC Market Solutions (ESN),0.8623164985025763,True
81,DESJARD,78,0.9102564102564102,0.8169014084507042,315,37287245.0,Desjardins Securities Inc.,0.8623164985025762,True
286,NOMURA,190,0.8526315789473684,0.8703703703703703,182,26256400.0,Nomura Securities Co. Ltd.,0.8614553169827759,True
517,FINANSET,27,0.8888888888888888,0.8333333333333334,657,26897565.0,QNB Finansinvest,0.8606629658238705,True
198,DLOUHY,27,0.9259259259259259,0.8,317,37982509.0,Cantor Fitzgerald Canada Corporation,0.8606629658238704,True
511,RESEARCH,77,0.8311688311688312,0.890625,117,26254418.0,Research Capital Corporation,0.8603834844182797,True
957,CABOTO,42,0.8571428571428571,0.8611111111111112,489,30346691.0,Intesa Sanpaolo Equity Research,0.8591246929842246,True
212,CARNEGIE,183,0.8579234972677595,0.8598726114649682,294,26878918.0,Carnegie Investment Bank AB,0.8588975014708023,True
796,LAKES,19,1.0,0.7368421052631579,2952,228576910.0,"Lake Street Capital Markets, LLC",0.8583950752789521,True
12,MGASFI,38,0.8947368421052632,0.8235294117647058,5,25232408.0,Deutsche Bank,0.8583950752789521,True
751,MONTEGA,19,1.0,0.7368421052631579,2510,90011135.0,Montega AG,0.8583950752789521,True
150,ALSTER,15,0.9333333333333333,0.7857142857142857,1113,40272981.0,SRH AlsterResearch AG,0.8563488385776753,True
230,AKD,30,0.8666666666666667,0.8461538461538461,242,34869086.0,AKD Research,0.8563488385776753,True
740,BUTTER,45,0.9111111111111111,0.8048780487804879,162,26539215.0,Seymour Pierce Limited,0.8563488385776753,True
825,VSACAP,15,0.8666666666666667,0.8461538461538461,2858,52056778.0,VSA Capital Limited,0.8563488385776753,True
764,GLOBALKW,15,0.8666666666666667,0.8461538461538461,687,28439686.0,Global Investment House,0.8563488385776753,True
988,PUNK,30,0.8,0.9166666666666666,38,24255118.0,Ladenburg Thalmann & Company,0.8563488385776752,True
530,SUMMCAP,52,0.9230769230769231,0.7916666666666666,367,26256044.0,Colliers Securities,0.8548504142651104,True
584,ABG,89,0.8651685393258427,0.8441558441558441,229,27826668.0,ABG Sundal Collier,0.8545976121261312,True
978,ASK,85,0.8705882352941177,0.8378378378378378,334,38887194.0,JM Financial Institutional Securities Limited,0.8540560664885429,True
99,MACQUARI,436,0.8509174311926605,0.8571428571428571,833,28954110.0,Macquarie Research,0.8540244716430189,True
152,MOTILAFI,96,0.8645833333333334,0.8433734939759037,277,34100092.0,Motilal Oswal Securities Ltd.,0.8539125638299666,True
355,KREDIET,92,0.8695652173913043,0.8375,787,26631494.0,KBC Securities NV,0.8533820185387184,True
260,ZURCHER,44,0.8636363636363636,0.8421052631578947,1100,39861215.0,Zürcher Kantonalbank,0.8528028654224418,True
797,WHIRELAN,22,0.8636363636363636,0.8421052631578947,194,26750241.0,WH Ireland Limited,0.8528028654224418,True
610,FIMSECS,22,0.8181818181818182,0.8888888888888888,654,36419881.0,FIM Investment Research,0.8528028654224418,True
862,BANKAM,22,0.8636363636363636,0.8421052631578947,1879,40179581.0,Bank am Bellevue,0.8528028654224418,True
956,FINNCAP,44,0.9545454545454546,0.7619047619047619,770,39861074.0,Cavendish,0.8528028654224417,True
261,ORIELSEC,80,0.9625,0.7532467532467533,904,26380148.0,Oriel Securities Ltd.,0.8514693182963201,True
872,HERMANN,29,0.9310344827586207,0.7777777777777778,506,38835502.0,Bankhaus Lampe KG,0.8509629433967631,True
937,RHITCHAR,76,0.8552631578947368,0.8461538461538461,274,32896439.0,Religare Capital Markets,0.8506963092234008,True
912,JPMORGAN,416,0.8605769230769231,0.840782122905028,8,25232432.0,J.P. Morgan,0.8506219444075567,True
30,PEREIRE,43,0.8372093023255814,0.8611111111111112,862,39861078.0,Mirabaud Securities LLP,0.8490761052804039,True
147,WEISEL,107,0.9532710280373832,0.7549019607843137,47,22387142.0,Thomas Weisel Equity Research,0.8483078263368192,True
836,AGORASEN,7,0.8571428571428571,0.8333333333333334,451,39856110.0,Agora Senior,0.8451542547285166,True
733,IDBI,63,0.8571428571428571,0.8333333333333334,737,32892304.0,IDBI Capital Markets & Securities Ltd.,0.8451542547285166,True
752,EUROPAC,28,0.8571428571428571,0.8333333333333334,2961,226070701.0,Echelon Wealth Partners Inc.,0.8451542547285166,True
187,FOYILSEC,14,0.8571428571428571,0.8333333333333334,671,36339637.0,Foyil Securities,0.8451542547285166,True
172,EUROLAND,7,0.8571428571428571,0.8333333333333334,643,40126882.0,EuroLand Corporate,0.8451542547285166,True
268,LCMMP,21,0.9523809523809523,0.75,3169,285666253.0,TPICAP Midcap,0.8451542547285166,True
984,EQNET,42,0.9761904761904762,0.7317073170731707,635,26538717.0,equinet Bank AG (ESN),0.8451542547285165,True
903,CLALEXHK,460,0.8760869565217392,0.8114143920595533,573,32447338.0,CLSA,0.8431308114506262,True
744,CENKSEC,38,0.9736842105263158,0.7297297297297297,550,39859425.0,Cavendish Historical (Cenkos Securities),0.8429272304235246,True
458,HCWAIN,69,0.8985507246376812,0.7903225806451613,85,25231031.0,H.C. Wainwright & Co.,0.8427009716003844,True
249,BAABANK,31,1.0,0.7096774193548387,2905,204719723.0,Baader Helvea Equity Research,0.842423539174232,True
326,BKFI,175,0.8,0.8857142857142857,510,32950192.0,Batlivala & Karani Securities India Pvt. Ltd.,0.841766849294642,True
419,DANBORS,144,0.8611111111111112,0.8225806451612904,596,28439069.0,Danske Bank,0.8416254115301732,True
606,SPARKCAP,24,0.875,0.8095238095238095,1112,43506640.0,Spark Capital Advisors(India) Private Limited,0.8416254115301731,True
296,MPARTNER,41,0.8048780487804879,0.8787878787878788,270,34931422.0,M Partners Inc.,0.8410214463203252,True
562,ALPHA,17,0.8235294117647058,0.8571428571428571,458,38888315.0,Alpha Finance Investment Services S.A.,0.8401680504168058,True
669,AROS,206,0.8349514563106796,0.8430232558139535,891,39859508.0,Nordea Markets,0.8389776487759558,True
186,SINFRIEK,54,0.8703703703703703,0.8085106382978723,784,28440592.0,Singer Capital Markets,0.8388704928078611,True
734,IBERS,27,0.8518518518518519,0.8260869565217391,248,29227203.0,Banco de Sabadell. S.A.,0.8388704928078611,True
79,AKROS,27,0.9259259259259259,0.76,488,28442309.0,Banca Akros S.p.A. (ESN),0.838870492807861,True
51,FENERGY,27,0.9629629629629629,0.7307692307692307,287,26522612.0,FirstEnergy Capital Corp.,0.838870492807861,True
415,SOGENED,306,0.803921568627451,0.8739837398373984,999,26339038.0,Societe Generale Cross Asset Research,0.8382209607764336,True
50,MACNAB,127,0.8188976377952756,0.8557692307692307,4,25232407.0,Credit Suisse,0.8371304567239225,True
251,AKSEERRD,10,0.8,0.875,3336,304807341.0,Akseer Research (Pvt.) Limited,0.8366600265340756,True
433,AVIORRES,30,0.7666666666666667,0.9130434782608695,1136,40177154.0,Avior Capital Markets,0.8366600265340756,True
970,BANIFPRI,20,0.8,0.875,500,40224390.0,Caixa Geral de Depositos (CGD) Securities,0.8366600265340756,True
620,GROWTHEQ,10,0.9,0.7777777777777778,1953,52511713.0,Growth Equities & Company Research,0.8366600265340756,True
622,PRIMEUAE,20,0.85,0.8235294117647058,944,40401335.0,Prime Research,0.8366600265340756,True
195,RONEY,10,0.8,0.875,114,40374081.0,Raymond James & Associates,0.8366600265340756,True
266,CONCAP,10,0.9,0.7777777777777778,1180,40383278.0,Concorde Capital,0.8366600265340756,True
692,DEXIAB,10,0.8,0.875,605,30231260.0,Dexia Bank Belgium,0.8366600265340756,True
660,CITIONLI,20,0.9,0.7777777777777778,571,39861002.0,"COL Financial Group, Inc",0.8366600265340756,True
634,PARKER,10,1.0,0.7,916,39830837.0,Parker/Hunter Inc,0.8366600265340756,True
516,CROWELL,10,0.8,0.875,72,37179882.0,"Crowell, Weedon & Co.",0.8366600265340756,True
366,MANDIRI,40,0.8,0.875,954,28458221.0,PT Mandiri Sekuritas,0.8366600265340756,True
582,FORTNED,30,1.0,0.7,1856,26763321.0,ABN AMRO Bank N.V.,0.8366600265340756,True
53,LARRAIN,20,0.75,0.9333333333333333,1242,40311608.0,LarrainVial S.A.,0.8366600265340755,True
309,PETERCAM,33,0.8181818181818182,0.8518518518518519,924,26750763.0,Degroof Petercam,0.834847109936722,True
272,SANINVLC,115,0.7739130434782608,0.898876404494382,429,26338709.0,Santander,0.834057656228299,True
459,FRCLAYSC,475,0.9178947368421052,0.7568807339449541,9,8280347.0,Barclays,0.8335087534664907,True
975,CSFBFJ,101,0.8613861386138614,0.8045977011494253,4,25232407.0,Credit Suisse,0.8325078419634815,True
949,BRAC,13,0.8461538461538461,0.8181818181818182,1404,28458575.0,BRAC EPL Stock Brokerage Ltd,0.8320502943378437,True
666,SMEETSCO,13,0.8461538461538461,0.8181818181818182,600,26750606.0,Delta Lloyd Securities N.V.,0.8320502943378437,True
811,TAYLORAA,26,0.8076923076923077,0.8571428571428571,1042,39831144.0,Taylor Collison Limited,0.8320502943378437,True
153,RAYMONDJ,13,0.8461538461538461,0.8181818181818182,915,39927360.0,Park Raymond James Securities - Turkey,0.8320502943378437,True
840,ZOETE,396,0.803030303030303,0.8616352201257862,4,25232407.0,Credit Suisse,0.8318168018976245,True
830,KRC,81,0.8395061728395061,0.8235294117647058,231,34480052.0,K.R. Choksey Shares & Securities Private Ltd.,0.831479419283098,True
810,WILSONAA,55,0.8,0.8636363636363636,1092,40273631.0,Wilsons Advisory and Stockbroking Ltd.,0.8312094145936335,True
565,IMTRUST,29,0.7586206896551724,0.9090909090909091,1654,50197637.0,CrediCorp Capital,0.8304547985373997,True
76,FAHN,215,0.8930232558139535,0.7708333333333334,108,25231783.0,Oppenheimer & Co. Inc.,0.8296819228012962,True
925,NCBSTOCK,32,0.8125,0.8461538461538461,161,27826560.0,NCB Stockbrokers,0.82915619758885,True
157,BURNS,223,0.8699551569506726,0.788659793814433,228,25218639.0,BMO Capital Markets Equity Research,0.8283107235262139,True
381,HANWEST,35,0.9142857142857143,0.75,137,26379916.0,Stockdale Securities,0.828078671210825,True
354,GARGIULO,19,0.8421052631578947,0.8125,908,26379194.0,Oscar Gruss and Son Inc.,0.827170191868511,True
553,PACGROW,57,0.8596491228070176,0.7959183673469388,111,25217292.0,Pacific Growth Equities,0.827170191868511,True
750,DANFL,44,0.8636363636363636,0.7894736842105263,957,39859527.0,"PT BRI Danareksa Sekuritas, Research Division",0.8257228238447706,True
559,TOPLINE,22,0.8636363636363636,0.7894736842105263,2697,116586891.0,Topline Securities (Pvt.) Limited,0.8257228238447706,True
697,AFRICA,22,0.7727272727272727,0.8823529411764706,2075,52984883.0,African Alliance,0.8257228238447705,True
943,BBV,47,0.8297872340425532,0.8205128205128205,349,39860769.0,BBVA Corporate and Investment Bank,0.8251369970070347,True
715,AHORRO,25,0.76,0.8947368421052632,452,29226635.0,Ahorro Corporación,0.8246211251235321,True
180,BEAR,363,0.8292011019283747,0.8172757475083057,311,11873689.0,Bear Stearns Companies Inc.,0.8232168307397651,True
938,DAIWAUS,34,0.8823529411764706,0.7666666666666667,594,39857797.0,Daiwa Securities Co. Ltd.,0.8224783208299743,True
681,SOUTH,37,0.7837837837837838,0.8620689655172413,122,25217667.0,Southwest Securities,0.8219949365267865,True
685,VIRGINIA,37,0.9459459459459459,0.7142857142857143,74,25219672.0,Davenport & Company,0.8219949365267865,True
342,PRABHU,98,0.826530612244898,0.8148148148148148,223,32876627.0,Prabhudas Lilladher Pvt Ltd.,0.8206518066482898,True
102,DAIN,98,0.8061224489795918,0.8354430379746836,115,25231868.0,RBC Capital Markets,0.8206518066482897,True
766,MORGNADR,58,0.7758620689655172,0.8666666666666667,11,25232855.0,Morgan Stanley,0.820008410385801,True
588,DOMMAK,12,0.8333333333333334,0.8,2773,108507790.0,Dom Maklerski Banku BPS S.A.,0.816496580927726,True
673,RELIGARE,24,0.9166666666666666,0.7272727272727273,274,32896439.0,Religare Capital Markets,0.816496580927726,True
718,CENTRE,18,0.7777777777777778,0.8571428571428571,183,27244947.0,CiG,0.816496580927726,True
39,KOMERC,6,0.8333333333333334,0.8,802,32896632.0,Komercni Banka AS,0.816496580927726,True
313,CARSTONE,9,0.7777777777777778,0.8571428571428571,3007,242395842.0,CardinalStone Partners Limited,0.816496580927726,True
896,YORKTON,54,0.7962962962962963,0.8372093023255814,833,28954110.0,Macquarie Research,0.816496580927726,True
684,CLEVELAN,33,0.9696969696969697,0.6875,1177,40229572.0,Cleveland Research Company,0.816496580927726,True
568,BRADESCO,39,0.8205128205128205,0.8125,1106,40480403.0,Bradesco S.A. Corretora de Títulos e Valores Mobiliários,0.816496580927726,True
189,GROOFEB,18,1.0,0.6666666666666666,509,26630389.0,Banque Degroof,0.816496580927726,True
782,PACPAR,15,0.9333333333333333,0.7142857142857143,3171,252448196.0,PAC Partners Securities Pty. Ltd.,0.816496580927726,True
614,KIMENGFT,15,0.8666666666666667,0.7692307692307693,799,21992976.0,Maybank Research Pte. Ltd.,0.816496580927726,True
428,PLANNER,9,1.0,0.6666666666666666,936,39859674.0,Planner Corretora De Valores S.A.,0.816496580927726,True
154,PERELLA,18,0.8333333333333334,0.8,6,25232411.0,Dresdner Kleinwort,0.816496580927726,True
522,BMACAP,18,0.8888888888888888,0.75,524,39862088.0,BMA Capital Management Ltd.,0.8164965809277259,True
374,GBCAG,12,0.75,0.8888888888888888,1205,40173953.0,GBC AG,0.8164965809277259,True
168,MITOSECU,9,0.8888888888888888,0.75,864,12914339.0,"Mito Securities Research Institute Co., Ltd.",0.8164965809277259,True
32,BEACONS,24,0.875,0.7619047619047619,1151,40177706.0,Beacon Securities Limited,0.8164965809277259,True
992,ISEC,92,0.8260869565217391,0.8026315789473685,736,38836984.0,ICICI Securities Ltd.,0.8142748174055671,True
869,RAYMOND,192,0.828125,0.7987421383647799,114,40374081.0,Raymond James & Associates,0.813300887330964,True
968,EVLI,38,0.8157894736842105,0.8064516129032258,306,36373357.0,Evli Bank plc,0.8111071056538127,True
711,DMGEUR,318,0.7452830188679245,0.8818565400843882,5,25232408.0,Deutsche Bank,0.8106988987302965,True
672,BANKVONT,67,0.8208955223880597,0.8,203,26750107.0,Bank Vontobel AG,0.8103804155521329,True
244,CANTORS,32,0.84375,0.7777777777777778,2881,217864066.0,Cantor Fitzgerald Europe,0.8100925873009825,True
526,FIRSTALB,78,0.7564102564102564,0.864406779661017,54,7505182.0,"Gleacher & Company, Inc.",0.8086075400626399,True
372,SBCIFS,72,0.8611111111111112,0.7580645161290323,12,25232862.0,UBS Investment Bank,0.8079466429027214,True
235,BAILLIEU,23,0.9130434782608695,0.7142857142857143,617,38834823.0,EL&C Baillieu,0.8075728530872482,True
128,MKMPARTN,43,0.8837209302325582,0.7368421052631579,400,40334090.0,MKM Partners LLC,0.806946584785929,True
487,OLDE,40,0.725,0.896551724137931,707,39859543.0,"H&R Block Financial Advisors, Inc.",0.8062257748298549,True
971,NOMURAEU,154,0.9675324675324676,0.6711409395973155,182,26256400.0,Nomura Securities Co. Ltd.,0.8058229640253803,True
904,ENSKILSS,165,0.7272727272727273,0.8916666666666667,260,26879261.0,SEB,0.8052855695247795,True
829,IISPL,17,0.7647058823529411,0.8461538461538461,2328,59365853.0,Ismail Iqbal Securities (Pvt.) Ltd.,0.8043996665398436,True
691,CORPSYNG,31,0.8064516129032258,0.8,275,32505930.0,Blue Oar Securities,0.8032193289024988,True
439,NOMURAUS,138,0.8623188405797102,0.7478991596638656,182,26256400.0,Nomura Securities Co. Ltd.,0.8030738049717997,True
210,INTERFIP,14,0.7857142857142857,0.8181818181818182,554,39835867.0,Inteligo SAB,0.8017837257372732,True
609,FCINDIA,14,0.7857142857142857,0.8181818181818182,1937,52420954.0,FirstCall Research,0.8017837257372732,True
921,MGASFP,14,0.8571428571428571,0.75,5,25232408.0,Deutsche Bank,0.8017837257372731,True
344,HUATAI,25,0.92,0.6956521739130435,729,39857626.0,Huatai Research,0.8,True
554,EXECUTE,127,0.8031496062992126,0.7941176470588235,370,40255786.0,Haitong Bank S.A.,0.7986208584745024,True
563,HOWARD,33,0.8181818181818182,0.7777777777777778,725,38444827.0,Scotia Howard Weil,0.7977240352174657,True
149,CICEGYPT,33,0.7878787878787878,0.8076923076923077,1224,40173857.0,CI Capital Research,0.7977240352174657,True
939,ALLARIA,11,0.8181818181818182,0.7777777777777778,1125,40179165.0,Allaria Ledesma & Cia Sociedad de Bolsa S.A.,0.7977240352174657,True
935,SEKER,11,0.8181818181818182,0.7777777777777778,2547,40176005.0,Seker Yatirim Menkul Degerler A.S.,0.7977240352174657,True
954,KOOIJMAN,22,0.8181818181818182,0.7777777777777778,1020,26750647.0,NIBC Bank N.V. (ESN),0.7977240352174657,True
963,SINARMAS,11,0.8181818181818182,0.7777777777777778,2835,204945398.0,PT Sinarmas Sekuritas,0.7977240352174657,True
185,ATLANEQU,44,0.9772727272727273,0.6511627906976745,476,12666186.0,Atlantic Equities LLP,0.7977240352174657,True
628,BACHE,176,0.7613636363636364,0.835820895522388,408,39861700.0,"Prudential Equity Group, LLC",0.7977240352174656,True
643,CAPELEUR,426,0.7629107981220657,0.8307692307692308,383,26269629.0,HSBC,0.796117338651413,True
977,COMMERBK,161,0.7267080745341615,0.8717948717948718,330,26522887.0,Commerzbank AG,0.7959524939786341,True
200,OPPENGER,79,0.810126582278481,0.78125,903,39856959.0,Oppenheim Research GMBH,0.7955572841757301,True
340,CLEARY,46,0.8478260869565217,0.7435897435897436,1061,39861339.0,Tucker Anthony Sutro Capital Markets,0.7939992333804207,True
852,OYAKSEC,27,0.7777777777777778,0.8095238095238095,273,26897648.0,OYAK Yatirim Menkul Degerler A.S.,0.7934920476158722,True
798,AMRO,391,0.7468030690537084,0.839041095890411,159,26257109.0,NWM Strategy,0.7915797278058261,True
62,GENESIS,16,0.75,0.8333333333333334,1542,43605039.0,JWGenesis Financial Corp.,0.7905694150420949,True
501,WARKS,40,0.75,0.8333333333333334,5,25232408.0,Deutsche Bank,0.7905694150420949,True
431,CHARTHSE,271,0.6863468634686347,0.9086021505376344,324,26257802.0,ING Groep NV,0.7896937610000231,True
60,BBY,45,0.7111111111111111,0.875,350,28954267.0,APP Securities Pty Ltd.,0.7888106377466154,True
49,BAHANAFL,66,0.8787878787878788,0.7068965517241379,953,39861112.0,PT Bahana Securities,0.7881701093115122,True
279,ATA,29,0.7931034482758621,0.782608695652174,340,26897483.0,Ata Invest,0.7878385971583354,True
165,PHAROS,29,0.9655172413793104,0.6428571428571429,1736,50278027.0,Pharos Research,0.7878385971583354,True
379,NEXTGENE,21,0.8571428571428571,0.7222222222222222,156,26630947.0,Next Generation Equity Research,0.7867957924694431,True
689,OPPEN,216,0.8101851851851852,0.76,567,36593470.0,CIBC Capital Markets,0.7846914939903075,True
334,ARMSEC,13,0.7692307692307693,0.8,2816,75894607.0,ARM Research,0.7844645405527361,True
908,CDC,101,0.8316831683168316,0.7380952380952381,2326,40133116.0,Natixis S.A.,0.7834930670648043,True
902,JPINVEST,163,0.7914110429447853,0.7751937984496124,2302,112873178.0,Haitong International Research Limited,0.7832604499879574,True
664,ABSA,18,0.7222222222222222,0.8461538461538461,1859,,Absa Bank Limited,0.7817359599705717,True
405,CENTRO,18,0.9444444444444444,0.6470588235294118,553,28442883.0,ICBPI,0.7817359599705715,True
63,PUTLOVE,23,0.8695652173913043,0.7,960,39861496.0,Putnam Lovell NBF Securities,0.7801894976054939,True
323,BEESON,97,0.7422680412371134,0.8194444444444444,160,26379978.0,Evolution Securities,0.7799021878930795,True
353,PARIBAFJ,33,0.8181818181818182,0.7407407407407407,352,28401267.0,BNP Paribas Securities (Asia),0.778498944161523,True
626,COMMSEC,38,0.7631578947368421,0.7931034482758621,2540,54625394.0,Commonwealth Bank of Australia,0.7779866052154992,True
347,ARKEONFR,15,0.9333333333333333,0.6428571428571429,468,39861132.0,Arkeon Finance,0.7745966692414834,True
991,JOHNSON,25,0.68,0.8823529411764706,178,26256862.0,Wachovia Securities,0.7745966692414834,True
95,SHAWAA,40,0.9,0.6666666666666666,1002,39858242.0,Shaw and Partners Limited,0.7745966692414834,True
258,VCSC,55,0.8363636363636363,0.717391304347826,1779,50233720.0,Viet Capital Securities Joint Stock Company,0.7745966692414833,True
809,KGIFT,40,0.725,0.8275862068965517,796,28440676.0,KGI Securities Co. Ltd.,0.7745966692414833,True
834,STERNE,105,0.9047619047619048,0.6631578947368421,1029,26379151.0,Sterne Agee & Leach,0.7745966692414833,True
465,ECZAET,20,0.75,0.8,621,26897533.0,Eczacibasi Securities,0.7745966692414833,True
329,IJGPTY,5,0.8,0.75,756,28440500.0,IJG Securities (Pty) Ltd,0.7745966692414833,True
237,IBERIA,10,0.8,0.75,2763,112039573.0,Iberia Capital Partners,0.7745966692414833,True
303,POTTER,147,0.7210884353741497,0.8301886792452831,12,25232862.0,UBS Investment Bank,0.773717943298663,True
346,WARFI,62,0.7419354838709677,0.8043478260869565,12,25232862.0,UBS Investment Bank,0.7725116138598741,True
191,SANDLER,64,0.90625,0.6551724137931034,119,25218138.0,Sandler O'Neill,0.7705517503711221,True
101,BNPFS,54,0.8518518518518519,0.6956521739130435,352,28401267.0,BNP Paribas Securities (Asia),0.769800358919501,True
855,NOMURAFH,301,0.813953488372093,0.726530612244898,182,26256400.0,Nomura Securities Co. Ltd.,0.7690007322791358,True
631,CICC,286,0.8531468531468531,0.6926229508196722,564,39857650.0,China International Capital Corporation Limited,0.7687061147858073,True
679,CIMBFM,312,0.8237179487179487,0.7159533073929961,568,36276164.0,CGS International,0.7679476477883045,True
690,SWEDBANK,73,0.726027397260274,0.8113207547169812,167,26897435.0,Swedbank Large Corporates & Institutions,0.7674901275524076,True
236,BRASCAN,17,0.7058823529411765,0.8333333333333334,494,39861959.0,Banco Brascan S.A.,0.7669649888473704,True
349,SVENSKA,142,0.7253521126760564,0.8058252427184466,711,26879281.0,Handelsbanken Capital Markets,0.7645306025618079,True
445,BROWNBRO,36,0.6666666666666666,0.875,63,25229855.0,Brown Brothers Harriman,0.7637626158259734,True
995,FATOR,36,0.7222222222222222,0.8076923076923077,649,39829766.0,Fator Corretora,0.7637626158259734,True
617,SUTRO,24,0.75,0.7777777777777778,1037,39836666.0,"Sutro & Co., Inc.",0.7637626158259733,True
544,CHICAGO,110,0.8,0.7272727272727273,159,26257109.0,NWM Strategy,0.7627700713964739,True
712,HELLENIC,19,0.7368421052631579,0.7857142857142857,841,12869324.0,Optima bank (ESN),0.7608859102526822,True
894,UNIBANCO,26,0.7307692307692307,0.7894736842105263,758,39925887.0,Itau BBA,0.75955452531275,True
508,BOENNING,26,0.9615384615384616,0.6,142,26878607.0,"Boenning & Scattergood, Inc.",0.75955452531275,True
461,FOXPITT,85,0.9529411764705882,0.6049382716049383,331,26254230.0,Fox-Pitt Kelton Cochran Caronia Waller,0.7592566023652966,True
397,FURMAN,125,0.776,0.7422680412371134,324,26257802.0,ING Groep NV,0.7589466384404111,True
633,POINT,33,0.8484848484848485,0.6785714285714286,2700,100060737.0,"Compass Point Research & Trading, LLC",0.7587869106393281,True
86,CHEVREUX,240,0.7333333333333333,0.7840909090909091,588,26257395.0,CA Cheuvreux,0.758287544405155,True
34,COLLINS,47,0.9574468085106383,0.6,2317,54555618.0,Collins Stewart plc,0.7579367289598671,True
370,ALEX,117,0.6837606837606838,0.8375,5,25232408.0,Deutsche Bank,0.7567361314550618,True
426,KLEINEUR,257,0.6653696498054474,0.8596491228070176,6,25232411.0,Dresdner Kleinwort,0.7562965263689007,True
442,SPASIA,42,0.7857142857142857,0.7272727272727273,247,12457649.0,CFRA Equity Research,0.7559289460184545,True
653,AFRIFSEC,21,0.7619047619047619,0.75,448,38887632.0,Afrifocus Securities (Pty) Ltd.,0.7559289460184544,True
338,KITFIN,7,0.8571428571428571,0.6666666666666666,2371,62105230.0,TKB Capital,0.7559289460184544,True
948,FSIGHT,21,0.7142857142857143,0.8,1808,51274577.0,MA Moelis Australia Securities Pty Ltd,0.7559289460184544,True
6,PIERSHEL,86,0.6744186046511628,0.8448275862068966,667,40483452.0,BNP Paribas Fortis,0.7548294124240689,True
917,BNPFH,253,0.7944664031620553,0.7164179104477612,352,28401267.0,BNP Paribas Securities (Asia),0.7544335361543177,True
504,WARFT,53,0.7169811320754716,0.7894736842105263,12,25232862.0,UBS Investment Bank,0.7523547938632787,True
422,HISPANO,76,0.6710526315789473,0.8431372549019608,2295,54544813.0,Banco Santander,0.7521897856819185,True
0,CSTANLEY,23,0.782608695652174,0.7222222222222222,561,26630341.0,Charles Stanley & Co. Ltd.,0.7518094115561124,True
399,WARFM,55,0.7636363636363637,0.7380952380952381,12,25232862.0,UBS Investment Bank,0.7507571935295483,True
700,ADAMS,55,0.8727272727272727,0.6458333333333334,1122,11452286.0,Adams Harkness,0.7507571935295483,True
964,REFCO,64,0.71875,0.782608695652174,834,32949158.0,PhillipCapital (India),0.75,True
403,SSANG,130,0.9,0.6239316239316239,696,39855577.0,Shinhan Investment Corp.,0.7493587001820033,True
69,TAIFOOK,52,0.7692307692307693,0.725,239,12930931.0,Haitong International Research Limited (Inactive),0.7467879938056768,True
218,METZLER,36,0.6666666666666666,0.8333333333333334,855,12869253.0,Metzler Equities,0.7453559924999299,True
567,KEMPEN,63,0.6507936507936508,0.8536585365853658,292,26763306.0,Kempen & Co. NV,0.7453559924999299,True
538,SCOAST,63,0.6666666666666666,0.8333333333333334,185,26763341.0,"Capital One Securities, Inc.",0.7453559924999299,True
514,EQUITSEC,36,0.75,0.7407407407407407,1322,43604166.0,SunTrust Equitable Securities,0.7453559924999298,True
480,CJIANG,92,0.8913043478260869,0.6219512195121951,559,40126284.0,Changjiang Securities Co. LTD.,0.7445453821540742,True
98,HAUCKA,38,0.9210526315789473,0.6,1957,40309454.0,Hauck Aufhäuser Investment Banking,0.7433919416750281,True
406,GUODO,29,0.9655172413793104,0.5714285714285714,703,39856056.0,Guodu Securities Co.,0.7427813527082073,True
298,PKSECUR,20,0.75,0.7333333333333333,913,28441129.0,NBG Securities S.A.,0.7416198487095662,True
899,CSFBFH,393,0.7506361323155216,0.7322033898305085,4,25232407.0,Credit Suisse,0.7413624758582587,True
931,LADENBRG,42,0.6428571428571429,0.8518518518518519,38,24255118.0,Ladenburg Thalmann & Company,0.7400128699009549,True
850,DLJ,106,0.8773584905660378,0.6236559139784946,611,40126759.0,"Donaldson, Lufkin & Jenrette Securities Corp.",0.7397092748646286,True
449,PACCREST,53,0.9056603773584906,0.6041666666666666,110,25228802.0,Pacific Crest,0.7397092748646286,True
140,UFJCM,33,0.9696969696969697,0.5625,1338,44303432.0,Ufj Tsubasa Research Institute,0.7385489458759964,True
177,HCISTANB,22,0.7272727272727273,0.75,625,32893799.0,Burgan Securities,0.7385489458759964,True
18,OHMAN,33,0.8181818181818182,0.6666666666666666,157,26879310.0,Pareto Öhman,0.7385489458759964,True
545,SBCIFL,46,0.717391304347826,0.7575757575757576,12,25232862.0,UBS Investment Bank,0.7372097807744856,True
494,DAIWAFA,35,0.8571428571428571,0.6333333333333333,594,39857797.0,Daiwa Securities Co. Ltd.,0.7367883976130072,True
510,GESFINC,26,0.8076923076923077,0.6666666666666666,641,28439337.0,Espírito Santo Research,0.7337993857053429,True
175,CAIB,13,0.7692307692307693,0.7,511,27145387.0,UniCredit Research,0.7337993857053428,True
117,WEREJB,69,0.8405797101449275,0.6379310344827587,693,39862029.0,Goldman Sachs & Partners Australia Pty Ltd,0.7322785563281031,True
360,FGS,56,0.6964285714285714,0.7692307692307693,200,29094954.0,First Global Stockbroking (P) Ltd.,0.7319250547113998,True
282,BAIN,92,0.717391304347826,0.7424242424242424,5,25232408.0,Deutsche Bank,0.7298004491997616,True
952,KHANDWA,17,0.7647058823529411,0.6923076923076923,301,34176271.0,Khandwala Securities Ltd.,0.7276068751089989,True
725,SHUAA,17,0.7647058823529411,0.6923076923076923,1007,28441541.0,SHUAA Capital p.s.c.,0.7276068751089989,True
208,DBSFL,19,0.8421052631578947,0.625,265,29898027.0,DBS Vickers Research,0.7254762501100117,True
125,WISE,21,0.9047619047619048,0.5789473684210527,136,26522986.0,Nplus1 Brewin,0.7237468644557459,True
118,FCAPSEC,21,0.8571428571428571,0.6111111111111112,660,40126536.0,First Capital Securities Co. LTD.,0.7237468644557459,True
80,BOENAT,46,0.8043478260869565,0.6486486486486487,877,39860282.0,Nedbank Corporate and Investment Bank,0.7223151185146153,True
824,FIRSTASA,23,0.782608695652174,0.6666666666666666,323,33444311.0,Swedbank Norway,0.7223151185146153,True
723,DALY,23,0.6521739130434783,0.8,383,26269629.0,HSBC,0.7223151185146152,True
36,SIMMONS,25,0.96,0.5416666666666666,1009,30141687.0,Simmons & Company International,0.7211102550927978,True
966,GRUNTAL,27,0.6666666666666666,0.7777777777777778,701,39928028.0,Gruntal & Co,0.7200822998230956,True
72,HONGYUAN,56,0.9285714285714286,0.5576923076923077,724,39859464.0,Shenwan Hongyuan Securities,0.7196229171289243,True
847,SAIGON,33,0.9696969696969697,0.53125,982,28441376.0,SSI Securities Corporation,0.7177405625652735,True
464,UNITEDSE,169,0.8520710059171598,0.6041666666666666,729,39857626.0,Huatai Research,0.7174906963914472,True
576,DIRFH,167,0.7305389221556886,0.6967213114754098,594,39857797.0,Daiwa Securities Co. Ltd.,0.7134297694434567,True
478,PING,148,0.8716216216216216,0.5813953488372093,931,39835808.0,Ping An Securities Co. Ltd.,0.7118684968143744,True
707,LEHMAN,426,0.7511737089201878,0.66875,1393,25232764.0,Lehman Brothers Holdings Inc.,0.7087647126094636,True
678,ACCIVAL,8,0.625,0.8,3,25232403.0,Citigroup Inc,0.7071067811865476,True
696,KINNARD,20,0.7,0.7142857142857143,148,25231714.0,Miller Johnson Steichen Kinnard,0.7071067811865476,True
857,CHARLESS,22,0.9545454545454546,0.5238095238095238,2065,39835451.0,Charles Stanley Securities,0.7071067811865476,True
604,INSING,10,0.6,0.8333333333333334,188,26763334.0,Bank Insinger de Beaufort,0.7071067811865476,True
21,STROEVE,16,0.625,0.8,193,26897711.0,Insinger Gillissen,0.7071067811865476,True
13,INTERCAM,8,0.625,0.8,3140,266715164.0,Intercam Casa de Bolsa S.A. de C.V.,0.7071067811865476,True
362,JLROSS,34,0.6470588235294118,0.7727272727272727,1233,43604036.0,"Josephthal & Co., Inc.",0.7071067811865476,True
613,HANSA,10,1.0,0.5,713,40309695.0,Swedbank AS,0.7071067811865476,True
703,BIRLA,38,0.7368421052631579,0.6785714285714286,530,40178444.0,Brics Securities Limited,0.7071067811865475,True
883,CLARKY,18,0.6666666666666666,0.75,2740,131744800.0,Clarksons Platou Securities,0.7071067811865475,True
661,LOEWEN,42,0.6666666666666666,0.75,826,39860498.0,Loewen Ondaatje McCutcheon Limited,0.7071067811865475,True
794,IMPERCAP,36,0.6666666666666666,0.75,88,25231157.0,Imperial Capital,0.7071067811865475,True
367,CRTCAP,49,1.0,0.4897959183673469,591,38986041.0,CRT Capital Group,0.6998542122237652,True
693,SOUTHCRS,58,0.7413793103448276,0.6511627906976745,262,35125305.0,Bell Potter,0.6948083337796512,True
123,SBCWFP,29,0.6896551724137931,0.7,12,25232862.0,UBS Investment Bank,0.6948083337796512,True
176,PICTETBR,25,0.76,0.631578947368421,190,27244584.0,Helvea SA,0.6928203230275508,True
398,TEATHER,63,0.7301587301587301,0.6521739130434783,201,26749954.0,Teathers Limited,0.6900655593423543,True
361,OPATRON,21,0.8095238095238095,0.5882352941176471,906,39859168.0,Oriental Patron Securities Limited,0.6900655593423543,True
941,FZENOVEC,84,0.9642857142857143,0.49382716049382713,264,26269949.0,JPMorgan Cazenove Limited,0.6900655593423543,True
400,DIRFS,38,0.7105263157894737,0.6666666666666666,594,39857797.0,Daiwa Securities Co. Ltd.,0.6882472016116853,True
827,PANMURE,152,0.6052631578947368,0.782608695652174,326,26257503.0,WestLB AG,0.6882472016116853,True
484,RAYEURO,19,0.8947368421052632,0.5294117647058824,1574,20961658.0,Raymond James Euro Equities,0.6882472016116853,True
636,FRIEDMAN,224,0.7678571428571429,0.6162790697674418,24,12461032.0,FBR Capital Markets & Co.,0.6879057244377936,True
47,MGASFH,136,0.6911764705882353,0.6808510638297872,5,25232408.0,Deutsche Bank,0.6859943405700353,True
482,JBCAP,17,0.5882352941176471,0.8,3107,223126696.0,JB Capital Markets,0.6859943405700353,True
759,NATIONFA,81,0.7901234567901234,0.59375,1012,39832314.0,SinoPac Securities Investment Service,0.6849348892187751,True
339,GUOY,32,0.90625,0.5172413793103449,706,38888001.0,"Guoyuan Securities Co., Ltd.",0.6846531968814578,True
283,TRIDOM,15,0.6666666666666666,0.7,1924,40330685.0,Trigon Dom Maklerski S.A.,0.6831300510639733,True
274,VOTORAN,15,0.7333333333333333,0.6363636363636364,3095,223315471.0,Votorantim Corretora de Títulos,0.6831300510639732,True
731,INVSECUR,15,0.7333333333333333,0.6363636363636364,2817,183633197.0,Invest Securities,0.6831300510639732,True
540,BJM,45,0.7111111111111111,0.65625,521,29000852.0,Rencap Securities (Pty) Limited,0.6831300510639732,True
144,TEB,15,0.7333333333333333,0.6363636363636364,1063,32894303.0,TEB Investment Research,0.6831300510639732,True
14,ARCTIC,28,0.6785714285714286,0.6842105263157895,2310,58973964.0,Arctic Securities ASA,0.681385143869247,True
489,INDUS,147,0.8163265306122449,0.5666666666666667,745,38835119.0,Industrial Securities Co. Ltd.,0.6801360408136048,True
515,MELLO,13,0.6153846153846154,0.75,1258,40382047.0,Millennium BCP,0.6793662204867574,True
849,EUROXX,13,0.6153846153846154,0.75,1193,40401030.0,Euroxx Securities,0.6793662204867574,True
527,DDTAA,13,0.6153846153846154,0.75,1052,28954167.0,"Tolhurst Noall Group, Ltd.",0.6793662204867574,True
512,MCINTOSH,13,0.6923076923076923,0.6666666666666666,10,20921390.0,BofA Global Research,0.6793662204867574,True
290,EBRIGHT,204,0.7745098039215687,0.5949367088607594,645,28439398.0,Everbright Securities Co. Ltd.,0.6788109558083827,True
65,HAGSTRM,24,0.6666666666666666,0.6875,727,26897468.0,HQ Bankaktiebolag,0.67700320038633,True
503,CMCHANT,107,0.8130841121495327,0.5632183908045977,359,39860944.0,China Merchants Securities Co. Ltd.,0.6767155423319645,True
146,KIMENG,213,0.7699530516431925,0.5914634146341463,799,21992976.0,Maybank Research Pte. Ltd.,0.6748326170487493,True
624,SIGMA,11,0.7272727272727273,0.625,2833,182229622.0,SIGMA Capital Securities,0.6741998624632421,True
651,KASB,22,0.8636363636363636,0.5263157894736842,783,32896459.0,BIPL Securities Limited,0.674199862463242,True
976,MABON,84,0.5476190476190477,0.8260869565217391,150,26266619.0,"Rodman & Renshaw, LLC",0.6725927091345493,True
853,POLARIS,42,0.8095238095238095,0.5588235294117647,937,39926426.0,Polaris Securities Co. Ltd.,0.6725927091345493,True
134,SARASIN,20,0.7,0.6428571428571429,505,28438603.0,Bank J. Safra Sarasin,0.6708203932499369,True
248,MASTERFA,65,0.7384615384615385,0.6041666666666666,843,39836513.0,Masterlink Securities Corp.,0.6679474875720741,True
107,SAMSNGFK,146,0.7534246575342466,0.5909090909090909,984,39833623.0,Samsung Securities Co. Ltd.,0.6672371987921947,True
155,BANKMOS,9,0.8888888888888888,0.5,2399,78408369.0,Bank of Moscow,0.6666666666666667,True
234,LEONARDO,18,0.9444444444444444,0.47058823529411764,490,30346766.0,Banca Leonardo,0.6666666666666666,True
275,DAHLROSE,27,0.8518518518518519,0.5217391304347826,303,35918129.0,Cowen Securities LLC,0.6666666666666666,True
416,GBM,9,0.5555555555555556,0.8,1207,40276508.0,"GBM Grupo Bursátil Mexicano, S.A. de C.V. Casa de Bolsa",0.6666666666666666,True
833,MGASFC,54,0.7407407407407407,0.6,5,25232408.0,Deutsche Bank,0.6666666666666666,True
860,DAVIS,9,0.7777777777777778,0.5714285714285714,48,12960919.0,"Thompson, Davis & Company",0.6666666666666666,True
973,WORLDSEC,201,0.5970149253731343,0.7416666666666667,1071,38888173.0,UOB Kay Hian Research Pte Ltd,0.6654217231588861,True
502,GUDME,16,0.625,0.7,728,39859329.0,Gudme Raaschou Bank A/S,0.6614378277661477,True
305,CLUSA,80,0.8625,0.5072463768115942,68,25228522.0,Credit Agricole Securities (USA) Inc.,0.6614378277661476,True
436,GOH,108,0.6666666666666666,0.6527777777777778,568,36276164.0,CGS International,0.6596856715021066,True
97,SEAPFH,69,0.6956521739130435,0.625,796,28440676.0,KGI Securities Co. Ltd.,0.6593804733957871,True
466,HANIFEN,23,0.5652173913043478,0.7692307692307693,124,9532654.0,Stifel,0.659380473395787,True
306,RYANBECK,51,0.6078431372549019,0.7096774193548387,41,25218202.0,Ryan Beck & Co.,0.6567895774291853,True
910,SEAST,14,0.6428571428571429,0.6666666666666666,619,39926797.0,"EarlyBirdCapital, Inc.",0.6546536707079772,True
26,DMGFK,35,0.8285714285714286,0.5172413793103449,5,25232408.0,Deutsche Bank,0.6546536707079772,True
89,PEREGFL,21,0.7619047619047619,0.5625,352,28401267.0,BNP Paribas Securities (Asia),0.6546536707079771,True
224,DMGLAT,40,0.65,0.6538461538461539,5,25232408.0,Deutsche Bank,0.6519202405202649,True
611,SYSTEM,40,0.725,0.5862068965517241,2033,52512722.0,Systematix Shares & Stocks (I) Ltd.,0.6519202405202648,True
196,WESTLB,26,0.6153846153846154,0.6875,326,26257503.0,WestLB AG,0.6504436355879909,True
783,SSKI,57,0.6140350877192983,0.6857142857142857,981,38887213.0,DAM Capital Advisors,0.6488856845230502,True
408,TAIHEIYO,19,0.7894736842105263,0.5333333333333333,1338,44303432.0,Ufj Tsubasa Research Institute,0.6488856845230502,True
38,MITCH,103,0.6116504854368932,0.6825396825396826,12,25232862.0,UBS Investment Bank,0.6461236167757218,True
124,KBCCEE,24,1.0,0.4166666666666667,788,39836314.0,KBC Securities- CEE Research,0.6454972243679028,True
106,MIRAE,84,0.8214285714285714,0.5072463768115942,863,39860868.0,"Mirae Asset Securities Co., Ltd. (Pre-Merger)",0.6454972243679028,True
972,BCSLTD,12,0.6666666666666666,0.625,2406,62103775.0,BCS Global Markets,0.6454972243679028,True
331,DAIWAFK,34,0.8235294117647058,0.5,594,39857797.0,Daiwa Securities Co. Ltd.,0.641688947919748,True
58,PETERSCO,17,0.5882352941176471,0.7,925,37504209.0,Peters & Co. Limited,0.6416889479197478,True
245,LIBER,27,0.6666666666666666,0.6111111111111112,1543,49918946.0,Kingsway Financial Services Group Limited,0.6382847385042255,True
369,MOGRENFS,54,0.6481481481481481,0.6285714285714286,5,25232408.0,Deutsche Bank,0.6382847385042254,True
325,LEGG,91,0.8241758241758241,0.49333333333333335,97,26338999.0,"Legg Mason Wood Walker, Inc.",0.6376467725891871,True
550,WESTWIND,37,0.7837837837837838,0.5172413793103449,47,22387142.0,Thomas Weisel Equity Research,0.6367145399670134,True
474,CHRENUSA,37,0.8108108108108109,0.5,3253,331472692.0,China Renaissance Securities,0.6367145399670133,True
348,WARFH,218,0.6422018348623854,0.6285714285714286,12,25232862.0,UBS Investment Bank,0.6353500804836985,True
223,MERCK,10,0.6,0.6666666666666666,851,28440789.0,Merck Finck & Co.,0.6324555320336759,True
301,CNNING,15,0.8,0.5,584,10960387.0,Conning Research and Consulting,0.6324555320336759,True
41,WARLAT,60,0.7166666666666667,0.5581395348837209,12,25232862.0,UBS Investment Bank,0.6324555320336759,True
324,XPINV,10,0.6,0.6666666666666666,3657,,XP Investimentos,0.6324555320336759,True
585,AFIN,5,0.6,0.6666666666666666,120,25218044.0,Scotiabank Global Banking and Market,0.6324555320336759,True
438,BANCOSAN,5,0.6,0.6666666666666666,2295,54544813.0,Banco Santander,0.6324555320336759,True
239,CHINAEB,70,0.6714285714285714,0.5957446808510638,645,28439398.0,Everbright Securities Co. Ltd.,0.6324555320336758,True
241,YUANTA,141,0.6737588652482269,0.5894736842105263,1098,40401211.0,Yuanta Research,0.6302087912488812,True
804,DAEWOO,127,0.7401574803149606,0.5319148936170213,592,39861383.0,"Mirae Asset Securities Co., Ltd.",0.6274558051381586,True
625,MERITZ,72,0.7638888888888888,0.509090909090909,853,28439902.0,"MERITZ Securities Co., Ltd.",0.6236095644623235,True
892,FOSENSEC,98,0.7959183673469388,0.48717948717948717,704,39857297.0,"Guosen Securities Co., Ltd.",0.6226998490772391,True
44,WERTHEIM,70,0.5571428571428572,0.6923076923076923,1582,40126819.0,"Schroder & Co., Inc.",0.6210590034081188,True
603,INVERBRO,13,0.6153846153846154,0.625,539,40228972.0,GVC Gaesco Valores,0.6201736729460423,True
762,BELL,13,0.6923076923076923,0.5555555555555556,515,26381263.0,Bell Lawrie White,0.6201736729460423,True
805,INVESKS,73,0.7945205479452054,0.4827586206896552,754,29000976.0,Investec Bank Limited (SA),0.6193235372853324,True
621,PHILHK,34,0.7058823529411765,0.5416666666666666,405,40174674.0,Phillip Securities (HK),0.6183469424008423,True
566,GILBERT,34,0.9117647058823529,0.41935483870967744,1107,40179372.0,Bridgewell Research,0.6183469424008423,True
267,DONGWON,90,0.8333333333333334,0.4533333333333333,222,34260235.0,"Korea Investment & Securities Co., Ltd.",0.6146362971528592,True
987,ORISEC,53,0.8113207547169812,0.46511627906976744,905,39926145.0,"Orient Securities Co.,Ltd",0.6142951168339512,True
755,ZACKSINV,24,0.5833333333333334,0.6428571428571429,1356,4439707.0,Zacks Investment Research Inc.,0.6123724356957946,True
138,BADEN,8,0.5,0.75,392,38835515.0,Landesbank Baden-Wuerttemberg Equity and Fixed Income Research,0.6123724356957946,True
532,CRISPIDE,16,0.625,0.6,2587,,Crisp Idea,0.6123724356957946,True
786,BOCI,140,0.6,0.6190476190476191,525,12719151.0,BOCI Research Ltd.,0.6094494002200441,True
958,E2CAPIT,35,0.6571428571428571,0.5652173913043478,238,33392210.0,SBI China Capital Financial Services Limited,0.609449400220044,True
262,IPOPEMA,27,0.5925925925925926,0.625,2854,107893455.0,Ipopema Securities S.A.,0.6085806194501846,True
119,CAPELFJ,38,0.5263157894736842,0.7,383,26269629.0,HSBC,0.6069769786668839,True
273,OCBC,49,0.6326530612244898,0.5806451612903226,898,12912890.0,OCBC Investment Research Pte Ltd.,0.6060915267313264,True
525,SCBSFT,30,0.5333333333333333,0.6875,989,39859360.0,SCB Securities Co. Ltd.,0.6055300708194983,True
430,SBCIFC,175,0.6,0.6095238095238096,12,25232862.0,UBS Investment Bank,0.6047431568147636,True
571,PATERLTD,33,0.5757575757575758,0.631578947368421,1273,40313520.0,Patersons Securities Limited,0.6030226891555273,True
719,CAIBLO,11,0.45454545454545453,0.8,511,27145387.0,UniCredit Research,0.6030226891555271,True
254,FCJINVES,72,0.8194444444444444,0.4406779661016949,572,39861095.0,"HI Investment & Securities Co., Ltd.",0.6009252125773314,True
932,CITICSEC,150,0.7066666666666667,0.5094339622641509,570,40401641.0,"Citic Securities Co., Ltd.",0.6,True
581,LATINVES,28,0.5357142857142857,0.6666666666666666,349,39860769.0,BBVA Corporate and Investment Bank,0.5976143046671968,True
638,DENANT,45,0.6444444444444445,0.5517241379310345,34,25231668.0,Natixis Bleichroeder Inc.,0.5962847939999439,True
577,WARFA,82,0.6219512195121951,0.5686274509803921,12,25232862.0,UBS Investment Bank,0.5946919678164199,True
462,BANESTO,17,0.5294117647058824,0.6666666666666666,499,32896658.0,Banesto Bolsa,0.5940885257860046,True
558,HANNURI,60,0.8,0.4375,712,28525487.0,"KB Investment & Securities Co., Ltd.",0.5916079783099616,True
848,EQUIRUS,43,0.5116279069767442,0.6818181818181818,2762,134399737.0,Equirus Securities Private Limited,0.5906244232186183,True
207,RHSFM,158,0.5569620253164557,0.625,977,12390612.0,RHB Investment Bank,0.5900010727301984,True
5,HARPOYAA,23,0.5217391304347826,0.6666666666666666,718,38834837.0,Euroz Hartleys Securities Limited,0.5897678246195885,True
873,CHINAFA,75,0.64,0.5416666666666666,796,28440676.0,KGI Securities Co. Ltd.,0.5887840577551898,True
284,WARFK,61,0.7049180327868853,0.4883720930232558,12,25232862.0,UBS Investment Bank,0.5867386940384682,True
83,DBH,6,0.5,0.6666666666666666,10,20921390.0,BofA Global Research,0.5773502691896258,True
547,INTERAT,18,0.5,0.6666666666666666,641,28439337.0,Espírito Santo Research,0.5773502691896258,True
315,HENDERSN,6,0.5,0.6666666666666666,389,40133067.0,Investec Bank plc (UK),0.5773502691896258,True
749,SNCEURO,6,0.5,0.6666666666666666,10,20921390.0,BofA Global Research,0.5773502691896258,True
452,CABLEHOW,21,0.8571428571428571,0.3888888888888889,832,37179976.0,"Ragen Mackenzie Group, Inc.",0.5773502691896257,True
965,NATWEST,89,0.449438202247191,0.725,5,25232408.0,Deutsche Bank,0.5708263279047432,True
343,MIDLAND,31,0.5483870967741935,0.5882352941176471,10,20921390.0,BofA Global Research,0.5679618342470647,True
385,GUOSEN,22,0.5454545454545454,0.5833333333333334,2910,223126866.0,Guosen Securities(HK) Financial Holdings Company,0.5640760748177662,True
1,KEEFELTD,60,0.9166666666666666,0.34545454545454546,94,25231371.0,"Keefe, Bruyette, & Woods",0.5627314338711378,True
418,ZANNEX,19,0.5789473684210527,0.5454545454545454,206,29000944.0,Excellence Nessuah Brokerage Services Ltd.,0.5619514869490164,True
773,FULGLO,73,0.6575342465753424,0.4791666666666667,26,25127768.0,Fulcrum Global Partners LLC,0.5613096232478871,True
986,SHENWAN,197,0.5989847715736041,0.5254237288135594,1000,37159131.0,"SWS Research Co., Ltd.",0.5609998326049136,True
219,AUOBFM,49,0.6938775510204082,0.4411764705882353,446,39828531.0,Affin Hwang Investment Bank,0.5532833351724881,True
652,MAINFRST,169,0.9349112426035503,0.3227848101265823,124,9532654.0,Stifel,0.54934064834945,True
321,LANSCHOT,10,0.7,0.42857142857142855,648,28439440.0,F van Lanschot Bankiers N.V.,0.5477225575051661,True
901,DBS,80,0.6625,0.4528301886792453,265,29898027.0,DBS Vickers Research,0.5477225575051661,True
269,WILLIAMS,57,0.5087719298245614,0.5862068965517241,1091,26257733.0,Williams de Broë,0.5461186812727502,True
28,DBSFH,165,0.6424242424242425,0.46226415094339623,265,29898027.0,DBS Vickers Research,0.5449492609130661,True
632,THANASEC,17,1.0,0.29411764705882354,1045,38888132.0,Thanachart Securities Plc,0.5423261445466404,True
411,JIHSUN,59,0.6610169491525424,0.4358974358974359,328,38887975.0,"Jih Sun Securities Investment Consulting Co., Ltd.",0.5367826312580717,True
854,SAFEI,7,0.5714285714285714,0.5,1406,43565785.0,"Eurosafei, Sociedad de Valores, S.A.",0.5345224838248488,True
727,OMANARAB,7,0.5714285714285714,0.5,2412,79598947.0,U Capital,0.5345224838248488,True
944,ABAESES,7,0.5714285714285714,0.5,11,25232855.0,Morgan Stanley,0.5345224838248488,True
319,MIRAEVN,7,0.8571428571428571,0.3333333333333333,2932,225803535.0,Mirae Asset Securities (Vietnam),0.5345224838248487,True
927,PICKERIN,25,0.56,0.5,1335,39061762.0,"Tudor, Pickering & Co. Securities, Inc.",0.5291502622129182,True
560,SCHRODEU,50,0.46,0.6086956521739131,3,25232403.0,Citigroup Inc,0.5291502622129182,True
657,EKSPRES,18,0.6666666666666666,0.4166666666666667,319,39102152.0,Deniz Yatirim Menkul Degerler A.S.,0.5270462766947299,True
492,TISCOFT,29,0.7931034482758621,0.34782608695652173,5,25232408.0,Deutsche Bank,0.5252257314388903,True
519,VECTOR,22,0.45454545454545453,0.6,408,39861700.0,"Prudential Equity Group, LLC",0.5222329678670935,True
909,LOMBARD,22,0.8181818181818182,0.3333333333333333,828,26750190.0,Lombard Odier Darier Hentsch & Cie Corporate,0.5222329678670935,True
704,SEOUL,60,0.7666666666666667,0.34782608695652173,996,39833532.0,Eugene Investment & Securities Co Ltd.,0.5163977794943223,True
499,CITIFH,15,0.6,0.4444444444444444,265,29898027.0,DBS Vickers Research,0.5163977794943222,True
682,DAISHER,83,0.6987951807228916,0.3793103448275862,2656,40126467.0,Daishin Securities Co. Ltd.,0.514840014921,True
724,RBSMOR,46,0.9782608695652174,0.26666666666666666,2925,41135148.0,Morgans Financial Limited,0.5107539184552491,True
202,HAITONG,161,0.5900621118012422,0.43157894736842106,708,39857437.0,"Haitong Securities Co., Ltd.",0.5046368843962634,True
336,CHOLET,107,0.40186915887850466,0.627906976744186,364,39929447.0,Credit Lyonnais Securities,0.5023310149673528,True
861,MERISTEM,8,0.5,0.5,2556,100536754.0,Meristem Securities Limited,0.5000000000000001,True
655,PUBINV,8,0.625,0.4,3084,260847286.0,Public Investment Bank Berhad,0.5,True
391,SUNHUNG,65,0.49230769230769234,0.5,1035,12932072.0,Everbright Securities International (HK) Limited (“EBSIHK”),0.4961389383568338,True
871,GKM,123,0.6910569105691057,0.35294117647058826,210,33292127.0,BMO Capital Markets U.S. (Historical),0.4938647983247948,True
767,TONGYANG,70,0.7857142857142857,0.3090909090909091,1053,39831087.0,"Yuanta Securities Korea Co., Ltd.",0.4928053803045812,True
983,DOWLING,17,0.5882352941176471,0.4,368,6998490.0,Dowling & Partners Securities LLC,0.48507125007266594,True
895,ETRSEC,64,0.6875,0.3409090909090909,2570,109104314.0,"LS Securities Co., Ltd.",0.48412291827592707,True
780,HYUNDAI,124,0.6290322580645161,0.3717948717948718,731,39861655.0,"KB Securities Co., Ltd.",0.4836020758246758,True
412,MFKINVES,13,0.46153846153846156,0.5,859,29094831.0,Millennium Capital,0.4803844614152614,True
671,VERTRESP,13,0.38461538461538464,0.6,10,20921390.0,BofA Global Research,0.4803844614152614,True
592,JBALLAS,48,0.5,0.4583333333333333,265,29898027.0,DBS Vickers Research,0.47871355387816905,True
990,OSKFM,70,0.6,0.38095238095238093,910,22229144.0,OSK-DMG,0.4780914437337575,True
390,HUAFIN,62,0.6774193548387096,0.3333333333333333,729,39857626.0,Huatai Research,0.47519096331149147,True
649,BVSC,31,0.5483870967741935,0.4117647058823529,3013,243301645.0,Bao Viet Securities Joint Stock Company,0.47519096331149135,True
549,INTERAC,9,0.4444444444444444,0.5,748,39926992.0,Interacciones Casa De Bolsa De Cv,0.4714045207910317,True
256,GTJA,50,0.52,0.4230769230769231,705,40482819.0,Guotai Junan International Holdings Limited,0.46904157598234303,True
758,HAMQUIST,74,0.5,0.43243243243243246,8,25232432.0,J.P. Morgan,0.46499055497527714,True
96,QILU,89,0.5617977528089888,0.38,3200,85060939.0,Zhongtai Securities Co. Ltd.,0.4620423639315076,True
905,YAMFH,66,0.45454545454545453,0.4666666666666667,309,38442191.0,Core Pacific -Yamaichi International (H.K.) Limited,0.4605661864718382,True
473,SEIDLER,19,0.42105263157894735,0.5,127,7023905.0,Seidler Companies,0.4588314677411236,True
702,SKSEC,43,0.7674418604651163,0.2727272727272727,416,39831501.0,"SK Securities Co., Ltd.",0.457495710997814,True
281,KTBSEC,54,0.7962962962962963,0.2558139534883721,2348,60749322.0,"DAOL Investment & Securities Co., Ltd.",0.45133546692422005,True
351,BOHAI,20,0.55,0.36363636363636365,2497,85056489.0,"Bohai Securities Co., Ltd.",0.447213595499958,True
190,PROBURSA,5,0.4,0.5,349,39860769.0,BBVA Corporate and Investment Bank,0.447213595499958,True
663,PUILAET,5,0.4,0.5,787,26631494.0,KBC Securities NV,0.447213595499958,True
423,KOP,5,0.4,0.5,891,39859508.0,Nordea Markets,0.447213595499958,True
996,SNCFJ,10,0.4,0.5,10,20921390.0,BofA Global Research,0.447213595499958,True
994,BANCOJS,10,0.5,0.4,3156,266084229.0,J. Safra Corretora de Valores e Cambio Ltda,0.447213595499958,True
228,FECHTOR,5,0.4,0.5,652,39829919.0,"Fechtor, Detwiler & Co. Inc.",0.447213595499958,True
2,CLIBERA,5,0.4,0.5,364,39929447.0,Credit Lyonnais Securities,0.447213595499958,True
591,OBSA,5,0.4,0.5,5,25232408.0,Deutsche Bank,0.447213595499958,True
73,ELCON,5,0.4,0.5,284,33444249.0,Pareto Securities,0.447213595499958,True
225,HPDBANK,10,0.4,0.5,651,29393752.0,FBS Bankiers N.V.,0.447213595499958,True
520,AMK,5,0.4,0.5,621,26897533.0,Eczacibasi Securities,0.447213595499958,True
420,PNC,5,0.6,0.3333333333333333,159,26257109.0,NWM Strategy,0.4472135954999579,True
701,DUBOUZET,20,0.35,0.5714285714285714,230,26257295.0,BNP Paribas Exane,0.44721359549995787,True
327,LEVEN,35,0.42857142857142855,0.4666666666666667,482,30269725.0,Aurel BGC,0.44721359549995787,True
742,KOKUSAI,31,0.41935483870967744,0.46153846153846156,399,27826730.0,Mitsubishi UFJ Morgan Stanley Securities Company Limited,0.43994134506405985,True
75,SCHINA,31,0.45161290322580644,0.42857142857142855,1022,53432181.0,"Avic Securities Co., Ltd",0.4399413450640598,True
716,JBEF,305,0.5606557377049181,0.34502923976608185,2957,231609542.0,Kepler Cheuvreux,0.43982112608516166,True
443,BSSEC,26,0.6923076923076923,0.2777777777777778,696,39855577.0,Shinhan Investment Corp.,0.43852900965351466,True
243,MZSEC,21,0.5238095238095238,0.36363636363636365,2748,133015874.0,Mizuho Securities Asia Limited,0.4364357804719848,True
961,GCCAPLTD,11,0.6363636363636364,0.2857142857142857,937,39926426.0,Polaris Securities Co. Ltd.,0.4264014327112209,True
946,NANJING,11,0.6363636363636364,0.2857142857142857,564,39857650.0,China International Capital Corporation Limited,0.4264014327112209,True
456,CSFBOST,22,0.3181818181818182,0.5714285714285714,4,25232407.0,Credit Suisse,0.42640143271122083,True
705,PEEWEE,11,0.45454545454545453,0.4,982,28441376.0,SSI Securities Corporation,0.42640143271122083,True
131,GWALL,100,0.51,0.35294117647058826,699,39859279.0,"Great Wall Securities Co., Ltd.",0.4242640687119285,True
924,MEDIO,23,0.30434782608695654,0.5714285714285714,1254,,Mediobanca S.p.A.,0.41702882811414954,True
665,SPACSEC,52,0.5769230769230769,0.3,1012,39832314.0,SinoPac Securities Investment Service,0.4160251471689218,True
35,LUCKY,107,0.6542056074766355,0.2571428571428571,1094,39830572.0,"NH Investment & Securities Co., Ltd.",0.41015155621479793,True
287,BARINGLB,6,0.3333333333333333,0.5,182,26256400.0,Nomura Securities Co. Ltd.,0.408248290463863,True
656,CWEALTH,12,0.3333333333333333,0.5,581,40128423.0,Commonwealth Associates L.P.,0.408248290463863,True
945,SUDAMERI,6,0.3333333333333333,0.5,500,40224390.0,Caixa Geral de Depositos (CGD) Securities,0.408248290463863,True
868,BERLINER,12,0.4166666666666667,0.4,574,26522672.0,CIC Market Solutions (ESN),0.408248290463863,True
708,ADITYA,6,0.6666666666666666,0.25,3,25232403.0,Citigroup Inc,0.408248290463863,True
495,AFRINVES,6,0.3333333333333333,0.5,2556,100536754.0,Meristem Securities Limited,0.408248290463863,True
543,BZWED,6,0.3333333333333333,0.5,10,20921390.0,BofA Global Research,0.408248290463863,True
598,BZWFI,6,0.5,0.3333333333333333,8,25232432.0,J.P. Morgan,0.408248290463863,True
706,ABNLATAM,6,0.3333333333333333,0.5,5,25232408.0,Deutsche Bank,0.408248290463863,True
45,FMARATH,19,0.3157894736842105,0.5,221,29834361.0,National Bank Financial,0.39735970711951313,True
163,KIWOOM,51,0.6862745098039216,0.22857142857142856,1239,45274348.0,"Kiwoom Securities Co., Ltd.",0.3960590171906697,True
55,ICBCINT,45,0.4444444444444444,0.35,2618,107814537.0,ICBC International Research,0.3944053188733077,True
460,PRUDBACH,13,0.38461538461538464,0.4,10,20921390.0,BofA Global Research,0.3922322702763681,True
630,COUNTYNY,52,0.28846153846153844,0.5333333333333333,5,25232408.0,Deutsche Bank,0.392232270276368,True
769,PEREGFP,20,0.65,0.23076923076923078,799,21992976.0,Maybank Research Pte. Ltd.,0.38729833462074176,True
141,DAEHAN,80,0.55,0.2727272727272727,696,39855577.0,Shinhan Investment Corp.,0.3872983346207417,True
753,NIRMAL,34,0.29411764705882354,0.5,1643,50197773.0,Centrum Broking Limited,0.3834824944236852,True
920,BNPED,7,0.2857142857142857,0.5,518,26522930.0,BHF-Bank Aktiengesellschaft,0.37796447300922725,True
373,MYRBERG,7,0.2857142857142857,0.5,784,28440592.0,Singer Capital Markets,0.37796447300922725,True
531,IKTISET,7,0.2857142857142857,0.5,915,39927360.0,Park Raymond James Securities - Turkey,0.37796447300922725,True
535,MCCARTHY,21,0.2857142857142857,0.5,1325,40273256.0,TD Securities,0.37796447300922725,True
694,BLACK,14,0.6428571428571429,0.2222222222222222,522,725302.0,Black & Co Inc.,0.37796447300922725,True
537,GRANVILL,21,0.5238095238095238,0.2727272727272727,186,9914241.0,Baird,0.3779644730092272,True
386,DAIWAEU,21,0.5238095238095238,0.2727272727272727,594,39857797.0,Daiwa Securities Co. Ltd.,0.3779644730092272,True
111,AMSTGELD,7,0.42857142857142855,0.3333333333333333,2387,69462073.0,The Idea-Driven Equities Analyses Company,0.3779644730092272,True
417,BZWSS,7,0.42857142857142855,0.3333333333333333,4,25232407.0,Credit Suisse,0.3779644730092272,True
444,SOGENFJ,7,0.42857142857142855,0.3333333333333333,5,25232408.0,Deutsche Bank,0.3779644730092272,True
646,CSFBAN,58,0.6206896551724138,0.2222222222222222,3589,698441717.0,Jarden Limited,0.3713906763541037,True
127,KEMSEC,51,0.43137254901960786,0.3181818181818182,1194,43566053.0,"EVEREN Securities, Inc.",0.3704792868174742,True
467,SIGE,22,0.2727272727272727,0.5,489,30346691.0,Intesa Sanpaolo Equity Research,0.3692744729379982,True
982,PAULI,15,0.3333333333333333,0.4,918,3535416.0,Johnson Research & Capital Inc.,0.3651483716701107,True
726,MCLEAN,23,0.30434782608695654,0.42857142857142855,5,25232408.0,Deutsche Bank,0.36115755925730764,True
737,PARIBEU,128,0.2265625,0.5517241379310345,230,26257295.0,BNP Paribas Exane,0.3535533905932738,True
291,KLEINSEC,8,0.25,0.5,170,26538973.0,Canaccord Genuity,0.3535533905932738,True
384,BRANCHCA,8,0.375,0.3333333333333333,527,39861869.0,Branch Cabell & Co Inc,0.35355339059327373,True
524,DONGHAI,16,0.5625,0.2222222222222222,564,39857650.0,China International Capital Corporation Limited,0.35355339059327373,True
839,YAMAICHI,16,0.375,0.3333333333333333,2351,40313274.0,"Mizuho Securities Co., Ltd.",0.35355339059327373,True
475,KIMENGFH,24,0.4583333333333333,0.2727272727272727,799,21992976.0,Maybank Research Pte. Ltd.,0.35355339059327373,True
120,GRACAT,16,0.5625,0.2222222222222222,697,40126822.0,Grand Cathay Securities Corporation,0.35355339059327373,True
662,PATERSON,8,0.375,0.3333333333333333,833,28954110.0,Macquarie Research,0.35355339059327373,True
823,KYOBO,58,0.5862068965517241,0.20588235294117646,696,39855577.0,Shinhan Investment Corp.,0.34740416688982556,True
211,VOLPE,50,0.5,0.24,1283,43604923.0,Prudential Volpe Technology Group,0.34641016151377546,True
998,HANWHA,75,0.5333333333333333,0.225,696,39855577.0,Shinhan Investment Corp.,0.3464101615137754,True
322,HLGFM,52,0.40384615384615385,0.2857142857142857,722,38887428.0,Hong Leong Investment Bank Berhad,0.33968311024337877,True
772,KARVY,35,0.45714285714285713,0.25,224,32876347.0,KARVY Stock Broking Limited,0.3380617018914066,True
564,ARABFM,53,0.33962264150943394,0.3333333333333333,459,12664633.0,AmInvestment Bank Berhad,0.33646329245522655,True
806,PARILAT,18,0.2777777777777778,0.4,230,26257295.0,BNP Paribas Exane,0.33333333333333337,True
67,HENRY,9,0.3333333333333333,0.3333333333333333,194,26750241.0,WH Ireland Limited,0.3333333333333333,True
122,SUSHIL,9,0.4444444444444444,0.25,510,32950192.0,Batlivala & Karani Securities India Pvt. Ltd.,0.3333333333333333,True
182,FMANHAT,9,0.3333333333333333,0.3333333333333333,8,25232432.0,J.P. Morgan,0.3333333333333333,True
395,HUARONG,19,0.47368421052631576,0.2222222222222222,729,39857626.0,Huatai Research,0.3244428422615251,True
654,SCHRODFJ,10,0.4,0.25,4,25232407.0,Credit Suisse,0.31622776601683794,True
490,SANYO,10,0.3,0.3333333333333333,399,27826730.0,Mitsubishi UFJ Morgan Stanley Securities Company Limited,0.3162277660168379,True
981,SUTHLAND,10,0.3,0.3333333333333333,112,10559667.0,Piper Sandler Companies,0.3162277660168379,True
271,PENSER,21,0.3333333333333333,0.2857142857142857,639,39862082.0,Penser Access,0.3086066999241838,True
401,GREIGMID,22,0.22727272727272727,0.4,3,25232403.0,Citigroup Inc,0.30151134457776363,True
542,BZWEF,11,0.2727272727272727,0.3333333333333333,8,25232432.0,J.P. Morgan,0.3015113445777636,True
25,BIKUBEN,11,0.2727272727272727,0.3333333333333333,5,25232408.0,Deutsche Bank,0.3015113445777636,True
736,KLEINFJ,11,0.2727272727272727,0.3333333333333333,6,25232411.0,Dresdner Kleinwort,0.3015113445777636,True
421,INSSECUR,11,0.2727272727272727,0.3333333333333333,3040,40313524.0,Taurus Securities Ltd,0.3015113445777636,True
506,CCB,56,0.35714285714285715,0.25,357,40223058.0,CCB International Securities Limited,0.2988071523335984,True
647,INFOLINE,23,0.2608695652173913,0.3333333333333333,277,34100092.0,Motilal Oswal Securities Ltd.,0.29488391230979427,True
695,FBOSTLAT,12,0.3333333333333333,0.25,4,25232407.0,Credit Suisse,0.28867513459481287,True
130,FRANKEL,12,0.3333333333333333,0.25,2323,40310852.0,Kagiso Securities Ltd.,0.28867513459481287,True
533,SGST,12,0.3333333333333333,0.25,999,26339038.0,Societe Generale Cross Asset Research,0.28867513459481287,True
94,NRCE,12,0.25,0.3333333333333333,182,26256400.0,Nomura Securities Co. Ltd.,0.28867513459481287,True
580,CLN,12,0.25,0.3333333333333333,324,26257802.0,ING Groep NV,0.28867513459481287,True
552,FLEMINGS,37,0.21621621621621623,0.375,8,25232432.0,J.P. Morgan,0.28474739872574967,True
743,KAF,25,0.28,0.2857142857142857,781,12825023.0,KAF-Seagroatt & Campbell Securities Sdn. Bhd.,0.28284271247461906,True
676,HDFCSECU,39,0.28205128205128205,0.2727272727272727,3229,,HDFC Securities Limited,0.2773500981126146,True
729,KLEINEF,13,0.23076923076923078,0.3333333333333333,3,25232403.0,Citigroup Inc,0.2773500981126146,True
166,PEREGFI,13,0.23076923076923078,0.3333333333333333,3,25232403.0,Citigroup Inc,0.2773500981126146,True
757,ARIFH,13,0.3076923076923077,0.25,1867,,Arif Habib Limited,0.2773500981126146,True
114,SMINEWFE,14,0.2857142857142857,0.25,11,25232855.0,Morgan Stanley,0.2672612419124244,True
43,RSPLATOU,15,0.26666666666666666,0.25,289,33444273.0,Beringer Finance AB,0.2581988897471611,True
158,SCHELCHE,16,0.25,0.25,2326,40133116.0,Natixis S.A.,0.25,True
181,REYNOLDS,37,0.21621621621621623,0.25,11,25232855.0,Morgan Stanley,0.23249527748763857,True
